open_time,open,high,low,close,close_time,log_returns,volatility
2024-07-20 08:00:00,3487.39,3491.03,3482.86,3491.03,2024-07-20 08:09:59.999,,
2024-07-20 08:10:00,3491.03,3493.43,3490.37,3492.55,2024-07-20 08:19:59.999,0.0004353068265852525,
2024-07-20 08:20:00,3492.55,3494.09,3489.16,3489.17,2024-07-20 08:29:59.999,-0.0009682428582243496,
2024-07-20 08:30:00,3489.16,3489.4,3480.5,3487.14,2024-07-20 08:39:59.999,-0.0005819695676640025,
2024-07-20 08:40:00,3487.14,3488.57,3480.55,3482.49,2024-07-20 08:49:59.999,-0.0013343608455401387,
2024-07-20 08:50:00,3482.49,3486.03,3481.45,3485.85,2024-07-20 08:59:59.999,0.0009643617448052724,
2024-07-20 09:00:00,3485.84,3485.84,3481.47,3485.19,2024-07-20 09:09:59.999,-0.00018935481706374398,0.0008654307262159468
2024-07-20 09:10:00,3485.19,3487.8,3485.18,3486.78,2024-07-20 09:19:59.999,0.00045611212542952446,0.0008689001047539902
2024-07-20 09:20:00,3486.78,3486.84,3483.8,3484.25,2024-07-20 09:29:59.999,-0.0007258612030310622,0.0008352382565524881
2024-07-20 09:30:00,3484.25,3494.59,3484.24,3492.59,2024-07-20 09:39:59.999,0.0023907683055544994,0.0013259402031828784
2024-07-20 09:40:00,3492.6,3493.1,3486.2,3487.01,2024-07-20 09:49:59.999,-0.0015989458389684067,0.0013923188983905419
2024-07-20 09:50:00,3487.01,3487.51,3484.1,3484.4,2024-07-20 09:59:59.999,-0.0007487725214680893,0.001383833735050792
2024-07-20 10:00:00,3484.41,3490.81,3483.4,3488.63,2024-07-20 10:09:59.999,0.0012132460404926805,0.0014749730452150167
2024-07-20 10:10:00,3488.62,3488.63,3480.77,3480.93,2024-07-20 10:19:59.999,-0.002209609540016007,0.0017461006819884139
2024-07-20 10:20:00,3480.93,3485.84,3480.93,3484.01,2024-07-20 10:29:59.999,0.0008844297871250611,0.0017871108901945547
2024-07-20 10:30:00,3484.01,3487.73,3483.8,3485.03,2024-07-20 10:39:59.999,0.000292723246611719,0.0013825291714898871
2024-07-20 10:40:00,3485.03,3489.52,3482.34,3486.4,2024-07-20 10:49:59.999,0.00039303271140515183,0.001259545708277295
2024-07-20 10:50:00,3486.41,3489.78,3486.41,3488.93,2024-07-20 10:59:59.999,0.0007254137398361077,0.0012346341431173837
2024-07-20 11:00:00,3488.92,3489.4,3486.23,3487.6,2024-07-20 11:09:59.999,-0.0003812783765315837,0.0011455843688187254
2024-07-20 11:10:00,3487.6,3487.6,3482.2,3482.86,2024-07-20 11:19:59.999,-0.0013600252295024086,0.0008357556172346543
2024-07-20 11:20:00,3482.86,3486.68,3481.25,3486.67,2024-07-20 11:29:59.999,0.0010933306491342366,0.000878603690865689
2024-07-20 11:30:00,3486.68,3491.9,3486.47,3488.89,2024-07-20 11:39:59.999,0.0006365080581203185,0.000902443500164347
2024-07-20 11:40:00,3488.9,3490.76,3486.62,3488.01,2024-07-20 11:49:59.999,-0.0002522610341746123,0.0009110313964385588
2024-07-20 11:50:00,3488.0,3488.01,3483.61,3484.81,2024-07-20 11:59:59.999,-0.0009178496575712497,0.000924007906055029
2024-07-20 12:00:00,3484.81,3490.0,3484.43,3489.68,2024-07-20 12:09:59.999,0.001396518108558986,0.0011177909404611493
2024-07-20 12:10:00,3489.67,3491.0,3486.4,3489.8,2024-07-20 12:19:59.999,3.438651590431692e-05,0.0008715052398133303
2024-07-20 12:20:00,3489.81,3489.81,3486.6,3488.46,2024-07-20 12:29:59.999,-0.00038404989681391195,0.0008205194812922611
2024-07-20 12:30:00,3488.47,3495.99,3487.0,3493.6,2024-07-20 12:39:59.999,0.001472345104035545,0.0009868620025764157
2024-07-20 12:40:00,3493.6,3496.62,3492.55,3495.41,2024-07-20 12:49:59.999,0.0005179560597181504,0.0009621735474302009
2024-07-20 12:50:00,3495.42,3495.57,3491.68,3492.11,2024-07-20 12:59:59.999,-0.0009445411949714015,0.0009692612505895951
2024-07-20 13:00:00,3492.11,3495.05,3489.5,3489.51,2024-07-20 13:09:59.999,-0.0007448128429204403,0.000897915812900956
2024-07-20 13:10:00,3489.5,3490.75,3481.2,3490.52,2024-07-20 13:19:59.999,0.0002893970389951736,0.0009063260899997084
2024-07-20 13:20:00,3490.52,3494.96,3490.25,3494.28,2024-07-20 13:29:59.999,0.0010766236293639493,0.0009656833476327258
2024-07-20 13:30:00,3494.28,3498.2,3484.1,3485.65,2024-07-20 13:39:59.999,-0.002472805428574763,0.0012812337071171876
2024-07-20 13:40:00,3485.75,3486.25,3483.69,3486.23,2024-07-20 13:49:59.999,0.00016638266904716995,0.0012393240353155617
2024-07-20 13:50:00,3486.23,3491.6,3485.12,3490.68,2024-07-20 13:59:59.999,0.0012756365220242245,0.0013812570067631709
2024-07-20 14:00:00,3490.69,3494.0,3488.81,3490.66,2024-07-20 14:09:59.999,-5.7295590817572494e-06,0.001341231132433749
2024-07-20 14:10:00,3490.66,3492.95,3489.49,3492.95,2024-07-20 14:19:59.999,0.0006558212964578115,0.0013622211052314382
2024-07-20 14:20:00,3492.94,3496.25,3492.94,3495.77,2024-07-20 14:29:59.999,0.0008070147761103914,0.0013282179165919879
2024-07-20 14:30:00,3495.77,3503.91,3493.54,3502.85,2024-07-20 14:39:59.999,0.0020232567035229237,0.0007472079458352476
2024-07-20 14:40:00,3502.85,3507.84,3496.74,3499.5,2024-07-20 14:49:59.999,-0.0009568217114480054,0.00103073814788736
2024-07-20 14:50:00,3499.5,3499.5,3494.61,3497.41,2024-07-20 14:59:59.999,-0.0005974065872390567,0.0010797263297080413
2024-07-20 15:00:00,3497.41,3501.8,3497.41,3501.8,2024-07-20 15:09:59.999,0.0012544274498612576,0.0011250650393714598
2024-07-20 15:10:00,3501.8,3502.4,3496.99,3497.78,2024-07-20 15:19:59.999,-0.001148640473282847,0.00131087479862169
2024-07-20 15:20:00,3497.78,3504.7,3497.77,3504.7,2024-07-20 15:29:59.999,0.0019764432751393397,0.0014886531609405271
2024-07-20 15:30:00,3504.7,3507.7,3494.66,3498.55,2024-07-20 15:39:59.999,-0.0017563278708891093,0.00147681529639257
2024-07-20 15:40:00,3498.55,3501.8,3498.2,3498.66,2024-07-20 15:49:59.999,3.1441102956459485e-05,0.0014305423375927046
2024-07-20 15:50:00,3498.66,3503.8,3498.2,3503.72,2024-07-20 15:59:59.999,0.0014452231614743554,0.0015120910169729189
2024-07-20 16:00:00,3503.71,3505.73,3498.91,3501.0,2024-07-20 16:09:59.999,-0.0007766192329488859,0.0014828678962006115
2024-07-20 16:10:00,3501.0,3503.0,3499.07,3500.14,2024-07-20 16:19:59.999,-0.000245674277139323,0.0013905643094130956
2024-07-20 16:20:00,3500.14,3507.29,3500.14,3505.81,2024-07-20 16:29:59.999,0.001618624522848138,0.001299313026783207
2024-07-20 16:30:00,3505.8,3513.4,3504.2,3507.79,2024-07-20 16:39:59.999,0.0005646173299306653,0.0009520913657697833
2024-07-20 16:40:00,3507.78,3508.3,3490.53,3496.59,2024-07-20 16:49:59.999,-0.0031980016919123566,0.0017809962944789531
2024-07-20 16:50:00,3496.59,3498.4,3491.81,3498.2,2024-07-20 16:59:59.999,0.00046034263456994545,0.001650880093064599
2024-07-20 17:00:00,3498.19,3504.02,3496.0,3503.05,2024-07-20 17:09:59.999,0.0013854671025334676,0.0017493217206090924
2024-07-20 17:10:00,3503.06,3518.78,3492.38,3513.34,2024-07-20 17:19:59.999,0.0029331343831540584,0.0020755312937189574
2024-07-20 17:20:00,3513.34,3516.73,3505.62,3507.69,2024-07-20 17:29:59.999,-0.0016094508126627,0.0021828032013245895
2024-07-20 17:30:00,3507.7,3529.41,3507.7,3523.6,2024-07-20 17:39:59.999,0.004525493089653088,0.0028517316708996897
2024-07-20 17:40:00,3523.59,3539.65,3523.44,3533.13,2024-07-20 17:49:59.999,0.0027009693706951236,0.002148847017318187
2024-07-20 17:50:00,3533.14,3533.46,3523.58,3527.16,2024-07-20 17:59:59.999,-0.0016911490669201177,0.002546366251826077
2024-07-20 18:00:00,3527.17,3529.64,3517.0,3518.54,2024-07-20 18:09:59.999,-0.0024468837165458625,0.002985689211718216
2024-07-20 18:10:00,3518.53,3528.03,3518.53,3527.0,2024-07-20 18:19:59.999,0.002401520413182309,0.002914462835850398
2024-07-20 18:20:00,3526.99,3531.0,3522.45,3527.0,2024-07-20 18:29:59.999,0.0,0.002733737001412945
2024-07-20 18:30:00,3527.01,3530.03,3522.4,3524.39,2024-07-20 18:39:59.999,-0.0007402796098905566,0.002118933642611594
2024-07-20 18:40:00,3524.4,3537.53,3524.4,3535.26,2024-07-20 18:49:59.999,0.003079475211991541,0.0022174385682378886
2024-07-20 18:50:00,3535.27,3538.0,3529.83,3531.01,2024-07-20 18:59:59.999,-0.0012028978548700216,0.0021463610424048815
2024-07-20 19:00:00,3531.01,3536.5,3527.71,3534.53,2024-07-20 19:09:59.999,0.0009963853551791598,0.0017211466264568695
2024-07-20 19:10:00,3534.54,3535.0,3524.0,3524.94,2024-07-20 19:19:59.999,-0.0027169195135525576,0.001989758349806747
2024-07-20 19:20:00,3524.99,3528.15,3524.0,3525.99,2024-07-20 19:29:59.999,0.0002978330540116659,0.001996377395753538
2024-07-20 19:30:00,3525.99,3526.81,3513.59,3517.75,2024-07-20 19:39:59.999,-0.002339667210556297,0.0022033888525536784
2024-07-20 19:40:00,3517.75,3519.79,3508.81,3509.73,2024-07-20 19:49:59.999,-0.0022824692441083144,0.0015387570913735777
2024-07-20 19:50:00,3509.74,3514.45,3509.74,3514.45,2024-07-20 19:59:59.999,0.0013439293157116014,0.001858488888350122
2024-07-20 20:00:00,3514.44,3523.73,3514.44,3519.99,2024-07-20 20:09:59.999,0.0015751079390481145,0.001980358886722064
2024-07-20 20:10:00,3519.99,3524.93,3519.99,3523.41,2024-07-20 20:19:59.999,0.0009711219776747805,0.0017872430404873674
2024-07-20 20:20:00,3523.42,3523.84,3520.0,3521.59,2024-07-20 20:29:59.999,-0.0005166785068808935,0.0017844325289433681
2024-07-20 20:30:00,3521.59,3526.22,3520.88,3525.42,2024-07-20 20:39:59.999,0.0010869859350583879,0.0014898146025065968
2024-07-20 20:40:00,3525.42,3526.21,3523.0,3524.13,2024-07-20 20:49:59.999,-0.0003659808113705224,0.0008964920802003964
2024-07-20 20:50:00,3524.12,3524.55,3522.0,3522.27,2024-07-20 20:59:59.999,-0.0005279291675749035,0.0009446527167816998
2024-07-20 21:00:00,3522.28,3523.0,3506.0,3507.99,2024-07-20 21:09:59.999,-0.0040624442450504184,0.0018635481650242324
2024-07-20 21:10:00,3507.99,3514.69,3500.2,3512.08,2024-07-20 21:19:59.999,0.0011652306779764239,0.0018970197308218716
2024-07-20 21:20:00,3512.09,3512.89,3507.0,3512.89,2024-07-20 21:29:59.999,0.00023060596802259133,0.0019229590743456378
2024-07-20 21:30:00,3512.88,3514.7,3508.0,3513.41,2024-07-20 21:39:59.999,0.00014801531416238142,0.0018115238134184203
2024-07-20 21:40:00,3513.41,3517.59,3513.37,3517.59,2024-07-20 21:49:59.999,0.001189020194129802,0.0019521132052211618
2024-07-20 21:50:00,3517.58,3518.08,3514.78,3515.09,2024-07-20 21:59:59.999,-0.0007109665462688128,0.0019576301771878518
2024-07-20 22:00:00,3515.09,3522.6,3515.0,3521.6,2024-07-20 22:09:59.999,0.0018503023033025116,0.0009248472550742863
2024-07-20 22:10:00,3521.59,3522.78,3516.35,3520.24,2024-07-20 22:19:59.999,-0.0003862626861471405,0.0009663879385692154
2024-07-20 22:20:00,3520.25,3520.25,3514.42,3517.0,2024-07-20 22:29:59.999,-0.0009208156120676017,0.0011076096345231745
2024-07-20 22:30:00,3517.0,3519.2,3513.77,3513.77,2024-07-20 22:39:59.999,-0.0009188183448578061,0.0011985356748063
2024-07-20 22:40:00,3513.77,3513.78,3508.0,3511.57,2024-07-20 22:49:59.999,-0.0006263042278134709,0.0010652410010170666
2024-07-20 22:50:00,3511.57,3515.63,3508.73,3514.2,2024-07-20 22:59:59.999,0.0007486724224802411,0.00111418366114296
2024-07-20 23:00:00,3514.19,3517.17,3513.37,3516.83,2024-07-20 23:09:59.999,0.0007481123313829626,0.0007807143787066771
2024-07-20 23:10:00,3516.83,3519.23,3515.46,3515.46,2024-07-20 23:19:59.999,-0.0003896312630258133,0.0007808539596704313
2024-07-20 23:20:00,3515.46,3519.38,3515.46,3519.38,2024-07-20 23:29:59.999,0.0011144533225268265,0.0008572296659675813
2024-07-20 23:30:00,3519.38,3521.21,3518.6,3519.2,2024-07-20 23:39:59.999,-5.1146680165450446e-05,0.0007087272034307843
2024-07-20 23:40:00,3519.21,3522.02,3518.8,3521.51,2024-07-20 23:49:59.999,0.0006561838459152214,0.0005684261976468572
2024-07-20 23:50:00,3521.51,3521.89,3516.52,3517.5,2024-07-20 23:59:59.999,-0.0011393648918809748,0.0008411903419696801
2024-07-21 00:00:00,3517.5,3520.41,3515.88,3518.99,2024-07-21 00:09:59.999,0.00042350661260652284,0.0008051942994390796
2024-07-21 00:10:00,3518.99,3528.8,3517.8,3527.06,2024-07-21 00:19:59.999,0.0022906461148152943,0.0011481339337596171
2024-07-21 00:20:00,3527.07,3527.43,3522.71,3522.98,2024-07-21 00:29:59.999,-0.0011574403706892998,0.0012902108000769413
2024-07-21 00:30:00,3522.97,3522.98,3512.34,3512.35,2024-07-21 00:39:59.999,-0.0030218932414786633,0.0018435817499179205
2024-07-21 00:40:00,3512.35,3513.93,3509.1,3510.75,2024-07-21 00:49:59.999,-0.00045563925550854074,0.001780050291332379
2024-07-21 00:50:00,3510.75,3510.76,3503.7,3507.9,2024-07-21 00:59:59.999,-0.0008121220339071665,0.001761831147229199
2024-07-21 01:00:00,3507.89,3511.0,3507.1,3510.0,2024-07-21 01:09:59.999,0.0005984696455288859,0.0017806369064175976
2024-07-21 01:10:00,3510.0,3513.55,3510.0,3513.09,2024-07-21 01:19:59.999,0.0008799546067010231,0.0014032878922739858
2024-07-21 01:20:00,3513.08,3519.53,3513.08,3513.78,2024-07-21 01:29:59.999,0.00019638900455475744,0.001416366968324112
2024-07-21 01:30:00,3513.78,3514.93,3512.42,3514.6,2024-07-21 01:39:59.999,0.00023333968957859813,0.0006362862817505442
2024-07-21 01:40:00,3514.59,3523.09,3514.59,3520.4,2024-07-21 01:49:59.999,0.0016488987389109775,0.0008183077899703116
2024-07-21 01:50:00,3520.41,3521.18,3515.98,3515.99,2024-07-21 01:59:59.999,-0.001253483839703151,0.0009624122535972592
2024-07-21 02:00:00,3515.98,3518.8,3514.91,3516.94,2024-07-21 02:09:59.999,0.0002701576741921966,0.0009570932546084348
2024-07-21 02:10:00,3516.93,3518.59,3515.94,3517.81,2024-07-21 02:19:59.999,0.00024734354580765766,0.0009183484802115339
2024-07-21 02:20:00,3517.81,3519.93,3517.3,3518.13,2024-07-21 02:29:59.999,9.096154891059605e-05,0.0009199843913790315
2024-07-21 02:30:00,3518.13,3519.8,3516.45,3519.58,2024-07-21 02:39:59.999,0.00041206586248010457,0.0009239237758153618
2024-07-21 02:40:00,3519.59,3522.45,3516.0,3517.17,2024-07-21 02:49:59.999,-0.0006849753349853293,0.0006651641114584164
2024-07-21 02:50:00,3517.17,3517.58,3514.12,3514.25,2024-07-21 02:59:59.999,-0.0008305577444834514,0.000534867351686903
2024-07-21 03:00:00,3514.25,3516.29,3511.74,3516.2,2024-07-21 03:09:59.999,0.0005547297968139993,0.0005828573304084871
2024-07-21 03:10:00,3516.2,3520.0,3516.2,3520.0,2024-07-21 03:19:59.999,0.0010801285834535514,0.0007412069539248959
2024-07-21 03:20:00,3519.99,3520.55,3514.0,3514.0,2024-07-21 03:29:59.999,-0.0017059998451002785,0.001047253847099957
2024-07-21 03:30:00,3514.01,3514.8,3510.23,3514.12,2024-07-21 03:39:59.999,3.41485347465586e-05,0.0010142286763424146
2024-07-21 03:40:00,3514.13,3514.13,3512.65,3513.6,2024-07-21 03:49:59.999,-0.0001479854066323365,0.0009925567748968222
2024-07-21 03:50:00,3513.6,3513.93,3510.46,3510.47,2024-07-21 03:59:59.999,-0.000891221245566668,0.0010009141052539166
2024-07-21 04:00:00,3510.47,3512.27,3507.73,3509.78,2024-07-21 04:09:59.999,-0.00019657419670848054,0.0009355712195986325
2024-07-21 04:10:00,3509.78,3513.17,3508.99,3513.17,2024-07-21 04:19:59.999,0.0009654063501214492,0.0009021885135326581
2024-07-21 04:20:00,3513.17,3513.6,3511.26,3511.65,2024-07-21 04:29:59.999,-0.0004327513085663292,0.0006165512485440193
2024-07-21 04:30:00,3511.65,3511.66,3506.65,3506.84,2024-07-21 04:39:59.999,-0.0013706654146561938,0.0007919665220254958
2024-07-21 04:40:00,3506.84,3510.97,3506.84,3508.38,2024-07-21 04:49:59.999,0.0004390453969334603,0.000855017538433382
2024-07-21 04:50:00,3508.38,3508.39,3503.48,3504.87,2024-07-21 04:59:59.999,-0.0010009625474818983,0.000872528754198102
2024-07-21 05:00:00,3504.87,3505.99,3494.0,3496.99,2024-07-21 05:09:59.999,-0.002250831443882674,0.0011863891176580076
2024-07-21 05:10:00,3497.0,3504.96,3495.58,3504.96,2024-07-21 05:19:59.999,0.0022765096700323117,0.0015872675450373359
2024-07-21 05:20:00,3504.95,3505.72,3500.99,3501.38,2024-07-21 05:29:59.999,-0.0010219316537771446,0.0016085281027692965
2024-07-21 05:30:00,3501.38,3505.24,3501.38,3503.51,2024-07-21 05:39:59.999,0.0006081466134791992,0.0015941886777572072
2024-07-21 05:40:00,3503.51,3503.98,3501.21,3501.21,2024-07-21 05:49:59.999,-0.0006567000772786058,0.0015747112320526012
2024-07-21 05:50:00,3501.22,3502.78,3499.43,3501.0,2024-07-21 05:59:59.999,-5.998106313945168e-05,0.0015423586952245177
2024-07-21 06:00:00,3500.99,3503.74,3497.08,3497.09,2024-07-21 06:09:59.999,-0.0011174478770248862,0.0012868635575451358
2024-07-21 06:10:00,3497.09,3500.18,3484.77,3488.99,2024-07-21 06:19:59.999,-0.002318898045733659,0.0009999055056232884
2024-07-21 06:20:00,3489.0,3493.68,3489.0,3492.17,2024-07-21 06:29:59.999,0.0009110234459432589,0.0011920097477494279
2024-07-21 06:30:00,3492.17,3492.17,3483.38,3487.97,2024-07-21 06:39:59.999,-0.0012034144033995062,0.001099579647515148
2024-07-21 06:40:00,3487.97,3490.34,3484.0,3484.67,2024-07-21 06:49:59.999,-0.0009465568985036776,0.0011015060207244123
2024-07-21 06:50:00,3484.67,3487.39,3484.21,3487.04,2024-07-21 06:59:59.999,0.0006798906125741459,0.0012330310604555888
2024-07-21 07:00:00,3487.04,3490.25,3476.6,3484.95,2024-07-21 07:09:59.999,-0.000599541899114692,0.0012130648791781721
2024-07-21 07:10:00,3484.95,3489.6,3482.19,3488.57,2024-07-21 07:19:59.999,0.001038213219482541,0.0010071060389748362
2024-07-21 07:20:00,3488.56,3489.0,3483.0,3484.75,2024-07-21 07:29:59.999,-0.0010956044988932917,0.0009685125189730291
2024-07-21 07:30:00,3484.76,3486.77,3483.17,3486.09,2024-07-21 07:39:59.999,0.00038445869264116454,0.0009050160912872495
2024-07-21 07:40:00,3486.1,3489.07,3485.96,3486.14,2024-07-21 07:49:59.999,1.434261348260553e-05,0.0008022848744331263
2024-07-21 07:50:00,3486.14,3489.75,3485.0,3485.01,2024-07-21 07:59:59.999,-0.00032419328515283544,0.0007528990345003494
2024-07-21 08:00:00,3485.0,3490.91,3483.8,3490.36,2024-07-21 08:09:59.999,0.0015339691081828295,0.0009469300950900181
2024-07-21 08:10:00,3490.36,3492.78,3488.05,3488.25,2024-07-21 08:19:59.999,-0.0006047049668333899,0.0009133226760080208
2024-07-21 08:20:00,3488.26,3489.38,3486.66,3488.05,2024-07-21 08:29:59.999,-5.733698380357054e-05,0.0007517726864555019
2024-07-21 08:30:00,3488.05,3490.36,3485.5,3490.14,2024-07-21 08:39:59.999,0.0005990092165712602,0.0007696036930329504
2024-07-21 08:40:00,3490.13,3492.56,3489.52,3490.04,2024-07-21 08:49:59.999,-2.8652556239769474e-05,0.0007718026615109685
2024-07-21 08:50:00,3490.07,3490.6,3488.59,3488.59,2024-07-21 08:59:59.999,-0.0004155543483079521,0.0007846833388211478
2024-07-21 09:00:00,3488.6,3494.06,3487.13,3493.41,2024-07-21 09:09:59.999,0.0013806934304504193,0.0007321795974597877
2024-07-21 09:10:00,3493.41,3499.0,3493.4,3496.87,2024-07-21 09:19:59.999,0.0009899461202025027,0.0006937804663675601
2024-07-21 09:20:00,3496.88,3496.88,3490.88,3490.88,2024-07-21 09:29:59.999,-0.0017144292417971625,0.001117879254955432
2024-07-21 09:30:00,3490.89,3497.26,3490.61,3497.2,2024-07-21 09:39:59.999,0.0018087948973438883,0.0013107414973947303
2024-07-21 09:40:00,3497.19,3500.47,3496.62,3500.46,2024-07-21 09:49:59.999,0.000931740106219847,0.0013158183301731966
2024-07-21 09:50:00,3500.46,3503.72,3500.38,3501.1,2024-07-21 09:59:59.999,0.00018281640142549693,0.0012540599714960994
2024-07-21 10:00:00,3501.1,3507.21,3499.75,3504.25,2024-07-21 10:09:59.999,0.0008993127287858992,0.0012084318082244382
2024-07-21 10:10:00,3504.38,3504.99,3497.79,3497.79,2024-07-21 10:19:59.999,-0.0018451770720680485,0.0015042923016019547
2024-07-21 10:20:00,3497.79,3500.7,3495.62,3497.31,2024-07-21 10:29:59.999,-0.00013723892460537295,0.0012522905341022439
2024-07-21 10:30:00,3497.31,3498.96,3495.58,3498.01,2024-07-21 10:39:59.999,0.0002001338044112349,0.001016361409722723
2024-07-21 10:40:00,3498.0,3499.73,3496.23,3497.02,2024-07-21 10:49:59.999,-0.0002830581160081627,0.0009192122972518519
2024-07-21 10:50:00,3497.02,3498.75,3494.45,3494.46,2024-07-21 10:59:59.999,-0.0007323199421034893,0.000926080311426346
2024-07-21 11:00:00,3494.46,3498.62,3494.08,3496.19,2024-07-21 11:09:59.999,0.0004949468319303365,0.0008296029254061662
2024-07-21 11:10:00,3496.18,3498.14,3495.55,3498.14,2024-07-21 11:19:59.999,0.0005575945231418121,0.0004958866541771013
2024-07-21 11:20:00,3498.14,3498.35,3491.76,3491.9,2024-07-21 11:29:59.999,-0.0017853979827227228,0.0008944900058940115
2024-07-21 11:30:00,3491.9,3495.85,3490.35,3495.0,2024-07-21 11:39:59.999,0.0008873750027682668,0.0010023837122842482
2024-07-21 11:40:00,3495.01,3495.85,3493.01,3495.85,2024-07-21 11:49:59.999,0.00024317500852937115,0.0010107154361502814
2024-07-21 11:50:00,3495.85,3498.79,3495.84,3498.79,2024-07-21 11:59:59.999,0.0008406437423903848,0.001004111602465603
2024-07-21 12:00:00,3498.79,3501.72,3498.0,3501.72,2024-07-21 12:09:59.999,0.000837081918628417,0.0010330729622670303
2024-07-21 12:10:00,3501.72,3503.99,3498.18,3499.23,2024-07-21 12:19:59.999,-0.0007113320635037354,0.0010891665623018528
2024-07-21 12:20:00,3499.23,3500.94,3498.64,3500.0,2024-07-21 12:29:59.999,0.00022002420354984027,0.0006186496856684201
2024-07-21 12:30:00,3500.0,3502.51,3498.87,3498.87,2024-07-21 12:39:59.999,-0.00032290927244510236,0.0006198502619077819
2024-07-21 12:40:00,3498.87,3498.88,3495.15,3496.99,2024-07-21 12:49:59.999,-0.0005374607397104621,0.0006836970937020735
2024-07-21 12:50:00,3497.0,3500.2,3496.99,3500.2,2024-07-21 12:59:59.999,0.0009175112367075888,0.0007018567688753042
2024-07-21 13:00:00,3500.2,3502.63,3499.0,3502.28,2024-07-21 13:09:59.999,0.0005940752593863891,0.0006539157267272701
2024-07-21 13:10:00,3502.28,3502.28,3497.2,3497.74,2024-07-21 13:19:59.999,-0.001297139332908429,0.0008110038493157589
2024-07-21 13:20:00,3497.73,3498.79,3494.8,3497.0,2024-07-21 13:29:59.999,-0.00021158756515915705,0.0007990835321265132
2024-07-21 13:30:00,3496.99,3497.0,3487.42,3487.43,2024-07-21 13:39:59.999,-0.002740382819781569,0.0013366426162378395
2024-07-21 13:40:00,3487.43,3490.75,3482.47,3490.75,2024-07-21 13:49:59.999,0.0009515375787097631,0.0014700741255549807
2024-07-21 13:50:00,3490.75,3493.52,3489.78,3491.09,2024-07-21 13:59:59.999,9.739552904936137e-05,0.0013691539068998895
2024-07-21 14:00:00,3491.09,3493.84,3484.0,3493.84,2024-07-21 14:09:59.999,0.0007874095064907396,0.0014001228717495627
2024-07-21 14:10:00,3493.83,3507.0,3493.83,3502.0,2024-07-21 14:19:59.999,0.0023328159879528513,0.0016902364679523263
2024-07-21 14:20:00,3502.0,3510.97,3501.7,3508.33,2024-07-21 14:29:59.999,0.0018059069174590641,0.0017890829820142952
2024-07-21 14:30:00,3508.34,3515.22,3503.09,3512.35,2024-07-21 14:39:59.999,0.0011451883405418396,0.0007874059657996974
2024-07-21 14:40:00,3512.35,3517.1,3507.2,3513.31,2024-07-21 14:49:59.999,0.00027328393516756863,0.00087205609461644
2024-07-21 14:50:00,3513.3,3515.47,3509.77,3510.74,2024-07-21 14:59:59.999,-0.0007317715889505755,0.0010949269226553416
2024-07-21 15:00:00,3510.74,3516.14,3503.68,3504.79,2024-07-21 15:09:59.999,-0.0016962371842531181,0.0015407928470172329
2024-07-21 15:10:00,3504.78,3508.59,3497.24,3499.71,2024-07-21 15:19:59.999,-0.0014504963639567787,0.001420758721677699
2024-07-21 15:20:00,3499.71,3505.84,3497.68,3505.83,2024-07-21 15:29:59.999,0.0017471890980172147,0.0014050458423654918
2024-07-21 15:30:00,3505.84,3516.79,3505.84,3508.72,2024-07-21 15:39:59.999,0.0008240015862799985,0.001352388940200156
2024-07-21 15:40:00,3508.73,3511.46,3495.49,3497.64,2024-07-21 15:49:59.999,-0.0031628432557375638,0.0017844601858442342
2024-07-21 15:50:00,3497.64,3500.18,3496.53,3499.95,2024-07-21 15:59:59.999,0.0006602273308127215,0.0018747324775916152
2024-07-21 16:00:00,3499.95,3502.74,3496.95,3498.19,2024-07-21 16:09:59.999,-0.0005029908053015077,0.0017852683981436249
2024-07-21 16:10:00,3498.19,3508.89,3498.19,3500.18,2024-07-21 16:19:59.999,0.0005687038706539739,0.0017172387284945909
2024-07-21 16:20:00,3500.18,3500.39,3489.01,3492.59,2024-07-21 16:29:59.999,-0.0021708144213565084,0.0016745883805443424
2024-07-21 16:30:00,3492.6,3494.8,3487.1,3492.53,2024-07-21 16:39:59.999,-1.717937558731788e-05,0.0015597234990281977
2024-07-21 16:40:00,3492.53,3513.0,3492.43,3507.53,2024-07-21 16:49:59.999,0.004285684110951399,0.002133697616264835
2024-07-21 16:50:00,3507.53,3520.0,3506.66,3517.42,2024-07-21 16:59:59.999,0.00281568026364261,0.0023431781359607006
2024-07-21 17:00:00,3517.43,3526.12,3509.35,3518.0,2024-07-21 17:09:59.999,0.0001648799933234415,0.002282270848193451
2024-07-21 17:10:00,3517.99,3518.0,3504.01,3506.99,2024-07-21 17:19:59.999,-0.0031345266013680217,0.0028365697351104063
2024-07-21 17:20:00,3507.0,3509.76,3503.8,3505.69,2024-07-21 17:29:59.999,-0.00037075697590403984,0.002605738234166327
2024-07-21 17:30:00,3505.69,3506.8,3502.52,3506.11,2024-07-21 17:39:59.999,0.00011979805485105555,0.002599590359234354
2024-07-21 17:40:00,3506.11,3508.04,3489.01,3489.51,2024-07-21 17:49:59.999,-0.0047458355819050176,0.0026845313396979564
2024-07-21 17:50:00,3489.5,3490.08,3450.1,3468.6,2024-07-21 17:59:59.999,-0.006010270876692126,0.0026867261287002848
2024-07-21 18:00:00,3468.61,3474.8,3418.97,3433.2,2024-07-21 18:09:59.999,-0.010258283472420514,0.0038634209404485903
2024-07-21 18:10:00,3433.31,3447.05,3411.4,3446.56,2024-07-21 18:19:59.999,0.003883861295724597,0.005074686140256259
2024-07-21 18:20:00,3446.55,3474.84,3445.0,3469.88,2024-07-21 18:29:59.999,0.006743379070574846,0.006432430822618622
2024-07-21 18:30:00,3469.89,3485.89,3464.8,3470.31,2024-07-21 18:39:59.999,0.0001239159160052012,0.006432665471933281
2024-07-21 18:40:00,3470.31,3472.2,3455.98,3456.87,2024-07-21 18:49:59.999,-0.0038803717715304273,0.0063602867270185675
2024-07-21 18:50:00,3456.88,3465.58,3456.51,3463.7,2024-07-21 18:59:59.999,0.0019738264962187273,0.006073310013897698
2024-07-21 19:00:00,3463.7,3470.73,3458.19,3469.01,2024-07-21 19:09:59.999,0.0015318687896597176,0.0035756837376258307
2024-07-21 19:10:00,3469.01,3471.0,3460.01,3466.83,2024-07-21 19:19:59.999,-0.0006286189046425021,0.003505780780500671
2024-07-21 19:20:00,3466.83,3487.57,3465.53,3482.66,2024-07-21 19:29:59.999,0.004555737868235378,0.0028359323220649314
2024-07-21 19:30:00,3482.66,3497.64,3482.31,3485.96,2024-07-21 19:39:59.999,0.0009471029405179356,0.002827454444561585
2024-07-21 19:40:00,3485.97,3492.01,3478.04,3488.7,2024-07-21 19:49:59.999,0.000785701422279039,0.0017265819156880783
2024-07-21 19:50:00,3488.7,3491.83,3485.0,3490.72,2024-07-21 19:59:59.999,0.0005788446766069501,0.0017482633522477085
2024-07-21 20:00:00,3490.72,3492.13,3482.6,3488.75,2024-07-21 20:09:59.999,-0.0005645127931821472,0.001894823498123655
2024-07-21 20:10:00,3488.74,3504.97,3488.0,3501.71,2024-07-21 20:19:59.999,0.003707914743384341,0.0019984392360262084
2024-07-21 20:20:00,3501.71,3523.46,3499.33,3521.04,2024-07-21 20:29:59.999,0.005504979905582087,0.0022891536657041788
2024-07-21 20:30:00,3521.01,3523.73,3513.6,3517.94,2024-07-21 20:39:59.999,-0.000880809492404122,0.0025377572320368037
2024-07-21 20:40:00,3517.94,3520.7,3506.29,3506.96,2024-07-21 20:49:59.999,-0.0031260256918709127,0.0031847433923401273
2024-07-21 20:50:00,3506.96,3512.02,3495.03,3497.8,2024-07-21 20:59:59.999,-0.002615365900132261,0.0034950214942230905
2024-07-21 21:00:00,3497.8,3504.88,3496.52,3498.58,2024-07-21 21:09:59.999,0.00022297245239150926,0.003469054633666796
2024-07-21 21:10:00,3498.58,3514.14,3490.45,3505.29,2024-07-21 21:19:59.999,0.0019160841228956615,0.003201245852004433
2024-07-21 21:20:00,3505.28,3508.92,3501.54,3505.81,2024-07-21 21:29:59.999,0.00014833620999662935,0.0018973317576584737
2024-07-21 21:30:00,3505.8,3519.89,3503.94,3516.02,2024-07-21 21:39:59.999,0.0029080758706537496,0.002398437300563469
2024-07-21 21:40:00,3516.01,3516.68,3507.0,3510.85,2024-07-21 21:49:59.999,-0.0014714946862206936,0.002049419628856197
2024-07-21 21:50:00,3511.02,3520.4,3511.02,3520.4,2024-07-21 21:59:59.999,0.002716446114849328,0.0017222782359453336
2024-07-21 22:00:00,3520.39,3547.0,3518.88,3539.21,2024-07-21 22:09:59.999,0.005328918881600177,0.0023610284429212043
2024-07-21 22:10:00,3539.22,3539.78,3523.88,3528.1,2024-07-21 22:19:59.999,-0.0031440559850757295,0.0031398692327294616
2024-07-21 22:20:00,3528.1,3535.0,3528.09,3529.59,2024-07-21 22:29:59.999,0.0004222344767585797,0.0031255553175446654
2024-07-21 22:30:00,3529.6,3533.0,3523.23,3525.59,2024-07-21 22:39:59.999,-0.0011339187458266507,0.0031003071600178476
2024-07-21 22:40:00,3525.6,3529.56,3524.99,3528.69,2024-07-21 22:49:59.999,0.000878899107932603,0.0029535201244006563
2024-07-21 22:50:00,3528.69,3535.8,3528.68,3533.49,2024-07-21 22:59:59.999,0.001359353836672781,0.0028309375573821816
2024-07-21 23:00:00,3533.48,3545.69,3533.48,3535.9,2024-07-21 23:09:59.999,0.0006818127429272108,0.001690467529530039
2024-07-21 23:10:00,3535.91,3541.37,3529.08,3531.72,2024-07-21 23:19:59.999,-0.0011828594314275715,0.0010745327043871755
2024-07-21 23:20:00,3531.72,3532.85,3528.2,3528.94,2024-07-21 23:29:59.999,-0.0007874618360480432,0.001130004075018661
2024-07-21 23:30:00,3528.93,3530.8,3525.08,3525.17,2024-07-21 23:39:59.999,-0.0010688805133283012,0.0011175480010292098
2024-07-21 23:40:00,3525.16,3528.27,3521.81,3524.39,2024-07-21 23:49:59.999,-0.00022129040768030116,0.0010271948747602223
2024-07-21 23:50:00,3524.4,3536.71,3524.39,3535.92,2024-07-21 23:59:59.999,0.003266148441047068,0.0016890561206069498
2024-07-22 00:00:00,3535.93,3543.6,3532.1,3534.0,2024-07-22 00:09:59.999,-0.0005431461875668746,0.0016807921796405652
2024-07-22 00:10:00,3534.01,3538.61,3529.55,3535.35,2024-07-22 00:19:59.999,0.0003819304508647383,0.0015965139877395593
2024-07-22 00:20:00,3535.35,3538.04,3529.42,3537.6,2024-07-22 00:29:59.999,0.0006362267726753613,0.001529943766392095
2024-07-22 00:30:00,3537.6,3547.0,3537.47,3542.41,2024-07-22 00:39:59.999,0.001358755352047569,0.0013741721124137702
2024-07-22 00:40:00,3542.42,3562.82,3541.94,3555.35,2024-07-22 00:49:59.999,0.003646224819207997,0.0016676570716622203
2024-07-22 00:50:00,3555.34,3559.2,3541.0,3543.32,2024-07-22 00:59:59.999,-0.003389370548722417,0.0023128431978474448
2024-07-22 01:00:00,3543.32,3544.15,3534.59,3539.21,2024-07-22 01:09:59.999,-0.0011606023444578903,0.0023733923046221285
2024-07-22 01:10:00,3539.21,3541.57,3522.67,3527.0,2024-07-22 01:19:59.999,-0.0034558871452047973,0.002806849187775373
2024-07-22 01:20:00,3527.0,3544.95,3527.0,3534.71,2024-07-22 01:29:59.999,0.00218360795431471,0.002985832530000967
2024-07-22 01:30:00,3534.72,3538.0,3528.05,3529.15,2024-07-22 01:39:59.999,-0.0015742104594949815,0.0029317290807703393
2024-07-22 01:40:00,3529.16,3537.16,3527.19,3527.81,2024-07-22 01:49:59.999,-0.00037976692969923635,0.0021019134551757647
2024-07-22 01:50:00,3527.81,3530.91,3523.89,3527.59,2024-07-22 01:59:59.999,-6.236357968957804e-05,0.0018646868201508018
2024-07-22 02:00:00,3527.59,3529.8,3519.33,3527.77,2024-07-22 02:09:59.999,5.1025036295533636e-05,0.001875801174077553
2024-07-22 02:10:00,3527.78,3528.0,3521.96,3523.83,2024-07-22 02:19:59.999,-0.0011174770009665638,0.0013046836554070152
2024-07-22 02:20:00,3523.83,3535.68,3523.83,3531.52,2024-07-22 02:29:59.999,0.0021799068920000126,0.0013033599630864192
2024-07-22 02:30:00,3531.53,3540.0,3531.53,3537.39,2024-07-22 02:39:59.999,0.0016607939128486075,0.001265167053496125
2024-07-22 02:40:00,3537.39,3537.82,3531.19,3535.38,2024-07-22 02:49:59.999,-0.0005683770443860109,0.0012901751288877674
2024-07-22 02:50:00,3535.37,3537.0,3533.75,3534.45,2024-07-22 02:59:59.999,-0.0002630897787824343,0.001305740447621811
2024-07-22 03:00:00,3534.45,3536.11,3525.67,3528.87,2024-07-22 03:09:59.999,-0.0015799938728011413,0.0015252170526342387
2024-07-22 03:10:00,3529.0,3531.56,3527.43,3530.06,2024-07-22 03:19:59.999,0.000337161584340208,0.0014136851551957992
2024-07-22 03:20:00,3530.06,3530.06,3522.58,3526.43,2024-07-22 03:29:59.999,-0.0010288402081488443,0.001137747700594374
2024-07-22 03:30:00,3526.43,3526.6,3521.15,3521.16,2024-07-22 03:39:59.999,-0.0014955469833706613,0.0007446942463284267
2024-07-22 03:40:00,3521.15,3521.16,3515.27,3518.39,2024-07-22 03:49:59.999,-0.0007869821630543509,0.0007383864266037489
2024-07-22 03:50:00,3518.4,3519.99,3515.5,3517.33,2024-07-22 03:59:59.999,-0.0003013195545076116,0.0007329417768163916
2024-07-22 04:00:00,3517.34,3518.83,3510.6,3517.85,2024-07-22 04:09:59.999,0.00014782848511263306,0.000708579124068764
2024-07-22 04:10:00,3517.85,3523.58,3517.09,3520.13,2024-07-22 04:19:59.999,0.0006479132022996271,0.0007904960707530906
2024-07-22 04:20:00,3520.0,3520.01,3514.68,3516.86,2024-07-22 04:29:59.999,-0.0009293747000829252,0.0007773535634378708
2024-07-22 04:30:00,3516.85,3519.03,3512.5,3515.21,2024-07-22 04:39:59.999,-0.00046927861363175023,0.0005931337958518393
2024-07-22 04:40:00,3515.21,3517.36,3514.09,3517.35,2024-07-22 04:49:59.999,0.0006085977413781321,0.0006280481975260633
2024-07-22 04:50:00,3517.35,3518.84,3515.0,3516.1,2024-07-22 04:59:59.999,-0.00035544434471287533,0.0006327634553644229
2024-07-22 05:00:00,3516.1,3516.81,3507.57,3511.17,2024-07-22 05:09:59.999,-0.001403105561280373,0.0008206196669771606
2024-07-22 05:10:00,3511.17,3513.65,3507.57,3508.29,2024-07-22 05:19:59.999,-0.0008205759877833787,0.0006827656287855166
2024-07-22 05:20:00,3508.29,3511.52,3505.46,3507.38,2024-07-22 05:29:59.999,-0.00025941927288577256,0.0006651314610387643
2024-07-22 05:30:00,3507.38,3507.38,3497.8,3500.84,2024-07-22 05:39:59.999,-0.0018663803072504828,0.0008823611191044438
2024-07-22 05:40:00,3500.84,3500.84,3485.0,3494.61,2024-07-22 05:49:59.999,-0.0017811582234363735,0.000704278683835634
2024-07-22 05:50:00,3494.6,3499.32,3488.34,3495.79,2024-07-22 05:59:59.999,0.00033760586267106706,0.0008815917586246435
2024-07-22 06:00:00,3495.79,3496.01,3487.73,3494.74,2024-07-22 06:09:59.999,-0.0003004064092126559,0.0008870429235846099
2024-07-22 06:10:00,3494.74,3500.84,3491.08,3493.74,2024-07-22 06:19:59.999,-0.0002861852668463946,0.0009089199750940901
2024-07-22 06:20:00,3493.74,3495.8,3487.57,3490.13,2024-07-22 06:29:59.999,-0.001033810858884749,0.0008898787738485311
2024-07-22 06:30:00,3490.13,3490.13,3468.0,3471.76,2024-07-22 06:39:59.999,-0.00527731481932849,0.0020386924667949494
2024-07-22 06:40:00,3471.76,3472.86,3459.6,3469.85,2024-07-22 06:49:59.999,-0.0005503046262183262,0.002053360138113325
2024-07-22 06:50:00,3469.86,3478.26,3468.6,3477.07,2024-07-22 06:59:59.999,0.0020786197623111585,0.0024045530927686923
2024-07-22 07:00:00,3477.07,3477.07,3465.0,3470.0,2024-07-22 07:09:59.999,-0.002035391162262617,0.0024230137725447416
2024-07-22 07:10:00,3470.0,3477.96,3469.03,3471.83,2024-07-22 07:19:59.999,0.0005272385069620834,0.002504678549977333
2024-07-22 07:20:00,3471.84,3475.9,3469.35,3471.79,2024-07-22 07:29:59.999,-1.1521367816918952e-05,0.0025403932870626863
2024-07-22 07:30:00,3471.79,3484.34,3469.81,3480.41,2024-07-22 07:39:59.999,0.002479791840653446,0.0016829583166942423
2024-07-22 07:40:00,3480.41,3482.6,3477.82,3481.3,2024-07-22 07:49:59.999,0.0002556843088405695,0.0016215710443974857
2024-07-22 07:50:00,3481.3,3484.6,3477.06,3478.89,2024-07-22 07:59:59.999,-0.0006925098585854339,0.0014879249429075206
2024-07-22 08:00:00,3478.9,3485.36,3472.15,3482.61,2024-07-22 08:09:59.999,0.0010687352881076063,0.001088263983113031
2024-07-22 08:10:00,3482.61,3488.0,3481.6,3483.27,2024-07-22 08:19:59.999,0.00018949508230824,0.0011017157163012792
2024-07-22 08:20:00,3483.26,3485.97,3481.0,3484.12,2024-07-22 08:29:59.999,0.0002439938066383804,0.0010804831493905194
2024-07-22 08:30:00,3484.12,3486.0,3479.99,3479.99,2024-07-22 08:39:59.999,-0.0011860813468397588,0.0007983661346555559
2024-07-22 08:40:00,3480.0,3480.0,3472.58,3472.73,2024-07-22 08:49:59.999,-0.002088392064871128,0.0011377935252788725
2024-07-22 08:50:00,3472.73,3478.71,3470.17,3475.2,2024-07-22 08:59:59.999,0.0007110031632598155,0.001210258249468886
2024-07-22 09:00:00,3475.21,3483.31,3469.0,3481.07,2024-07-22 09:09:59.999,0.001687686473724154,0.0013553463576464226
2024-07-22 09:10:00,3481.07,3484.39,3480.48,3483.48,2024-07-22 09:19:59.999,0.000692076328317759,0.001389955279188425
2024-07-22 09:20:00,3483.49,3487.68,3481.07,3486.96,2024-07-22 09:29:59.999,0.0009985023295896,0.0014482616894630803
2024-07-22 09:30:00,3486.95,3487.9,3481.0,3484.41,2024-07-22 09:39:59.999,-0.0007315635560089258,0.0013753420341040053
2024-07-22 09:40:00,3484.41,3486.76,3480.25,3483.6,2024-07-22 09:49:59.999,-0.00023249105659969946,0.0008707695729711708
2024-07-22 09:50:00,3483.61,3493.09,3482.66,3493.09,2024-07-22 09:59:59.999,0.0027204894736635905,0.001258600160102458
2024-07-22 10:00:00,3493.1,3494.38,3488.43,3490.86,2024-07-22 10:09:59.999,-0.0006386071136782117,0.0013084014271907702
2024-07-22 10:10:00,3490.87,3497.8,3489.0,3494.47,2024-07-22 10:19:59.999,0.0010335947826044928,0.001327386403664489
2024-07-22 10:20:00,3494.47,3499.28,3492.73,3497.6,2024-07-22 10:29:59.999,0.0008953000210450219,0.0013206750749766188
2024-07-22 10:30:00,3497.54,3497.54,3491.79,3493.09,2024-07-22 10:39:59.999,-0.0012902876899713188,0.0014398588392387775
2024-07-22 10:40:00,3493.09,3493.99,3488.2,3491.85,2024-07-22 10:49:59.999,-0.0003550495818221506,0.0014516965159694845
2024-07-22 10:50:00,3491.99,3494.12,3489.4,3492.25,2024-07-22 10:59:59.999,0.00011454589723450837,0.000902450253689104
2024-07-22 11:00:00,3492.26,3493.73,3487.66,3488.09,2024-07-22 11:09:59.999,-0.001191919159381662,0.00099895455087327
2024-07-22 11:10:00,3488.09,3490.46,3486.06,3489.53,2024-07-22 11:19:59.999,0.00041274819220407926,0.0008789849666258768
2024-07-22 11:20:00,3489.53,3491.17,3486.22,3491.17,2024-07-22 11:29:59.999,0.00046986692743486593,0.0007812176885128809
2024-07-22 11:30:00,3491.17,3496.62,3490.85,3495.47,2024-07-22 11:39:59.999,0.0012309208841257467,0.000823266091110325
2024-07-22 11:40:00,3495.47,3500.0,3495.17,3498.53,2024-07-22 11:49:59.999,0.0008750358007579705,0.000836301613326332
2024-07-22 11:50:00,3498.54,3503.85,3497.46,3500.31,2024-07-22 11:59:59.999,0.0005086557310576791,0.0008325443762659269
2024-07-22 12:00:00,3500.3,3501.96,3494.42,3494.42,2024-07-22 12:09:59.999,-0.0016841254464832146,0.0010216759939659808
2024-07-22 12:10:00,3494.43,3498.72,3492.19,3498.72,2024-07-22 12:19:59.999,0.0012297767646365797,0.0010914263742490835
2024-07-22 12:20:00,3498.72,3507.35,3498.72,3501.77,2024-07-22 12:29:59.999,0.0008713676308328169,0.0011059563612171041
2024-07-22 12:30:00,3501.77,3505.67,3501.1,3505.36,2024-07-22 12:39:59.999,0.0010246706751866864,0.001081833272141303
2024-07-22 12:40:00,3505.36,3505.9,3496.43,3500.51,2024-07-22 12:49:59.999,-0.0013845534601077954,0.0012868742344290046
2024-07-22 12:50:00,3500.4,3500.79,3496.27,3498.59,2024-07-22 12:59:59.999,-0.0005486419820152126,0.0012911695678308535
2024-07-22 13:00:00,3498.6,3506.0,3495.59,3505.0,2024-07-22 13:09:59.999,0.0018304903027816042,0.0012138430331465437
2024-07-22 13:10:00,3505.0,3505.72,3489.93,3493.05,2024-07-22 13:19:59.999,-0.0034152404213359717,0.001928904311224174
2024-07-22 13:20:00,3493.05,3495.56,3487.39,3487.4,2024-07-22 13:29:59.999,-0.0016188071639611197,0.0019018328890243053
2024-07-22 13:30:00,3487.4,3505.39,3483.66,3496.44,2024-07-22 13:39:59.999,0.002588835096133325,0.0022571300925978035
2024-07-22 13:40:00,3496.45,3501.44,3468.7,3472.73,2024-07-22 13:49:59.999,-0.006804279843224971,0.003474358627618197
2024-07-22 13:50:00,3472.73,3476.52,3462.67,3466.99,2024-07-22 13:59:59.999,-0.0016542457934824947,0.003454020304711793
2024-07-22 14:00:00,3466.99,3474.92,3461.56,3471.68,2024-07-22 14:09:59.999,0.001351844291266594,0.003365776619781327
2024-07-22 14:10:00,3471.68,3477.77,3464.27,3469.81,2024-07-22 14:19:59.999,-0.000538789235520667,0.003257244587720303
2024-07-22 14:20:00,3469.81,3473.7,3453.81,3456.96,2024-07-22 14:29:59.999,-0.0037102472699450163,0.0034296013347938224
2024-07-22 14:30:00,3456.97,3458.66,3444.01,3458.66,2024-07-22 14:39:59.999,0.0004916406726345206,0.0030162497694166362
2024-07-22 14:40:00,3458.67,3461.05,3446.14,3447.01,2024-07-22 14:49:59.999,-0.003374042215200051,0.0020511354801021555
2024-07-22 14:50:00,3447.01,3453.12,3443.7,3448.77,2024-07-22 14:59:59.999,0.0005104571312357552,0.002151411137198056
2024-07-22 15:00:00,3448.76,3455.56,3435.6,3436.8,2024-07-22 15:09:59.999,-0.003476839842799233,0.002051182642211234
2024-07-22 15:10:00,3436.81,3454.17,3436.81,3451.0,2024-07-22 15:19:59.999,0.004123238223512571,0.003156492990027939
2024-07-22 15:20:00,3450.99,3455.56,3445.88,3451.08,2024-07-22 15:29:59.999,2.3181417776613482e-05,0.0028458206716646733
2024-07-22 15:30:00,3451.09,3464.4,3450.5,3462.01,2024-07-22 15:39:59.999,0.0031621197199579354,0.0031804894906767786
2024-07-22 15:40:00,3462.01,3465.91,3454.41,3464.11,2024-07-22 15:49:59.999,0.0006064001387072115,0.002669680348088648
2024-07-22 15:50:00,3464.12,3466.4,3455.73,3457.15,2024-07-22 15:59:59.999,-0.0020111951714125555,0.0029161628952114227
2024-07-22 16:00:00,3457.15,3458.57,3450.0,3458.15,2024-07-22 16:09:59.999,0.00028921377437567087,0.0022407490722935867
2024-07-22 16:10:00,3458.15,3463.62,3458.14,3461.41,2024-07-22 16:19:59.999,0.0009422565137663398,0.0016656324500562059
2024-07-22 16:20:00,3461.41,3461.42,3450.0,3452.59,2024-07-22 16:29:59.999,-0.002551346480875169,0.0020909612884359697
2024-07-22 16:30:00,3452.59,3454.01,3444.86,3453.25,2024-07-22 16:39:59.999,0.00019114256976969426,0.0014737862031763004
2024-07-22 16:40:00,3453.25,3471.52,3452.57,3458.9,2024-07-22 16:49:59.999,0.001634802849573545,0.001664771174386637
2024-07-22 16:50:00,3458.91,3462.32,3452.78,3453.57,2024-07-22 16:59:59.999,-0.0015421408140118482,0.0015741199160581117
2024-07-22 17:00:00,3453.58,3456.78,3450.02,3454.85,2024-07-22 17:09:59.999,0.00037056230357942853,0.001579235937635275
2024-07-22 17:10:00,3454.85,3460.0,3453.75,3459.42,2024-07-22 17:19:59.999,0.001321904023267865,0.0016386769672176538
2024-07-22 17:20:00,3459.42,3464.01,3457.4,3461.88,2024-07-22 17:29:59.999,0.0007108491478732627,0.0011201724498505856
2024-07-22 17:30:00,3461.87,3471.6,3460.67,3470.01,2024-07-22 17:39:59.999,0.0023456816907814386,0.0013443296061908358
2024-07-22 17:40:00,3470.02,3470.44,3465.22,3468.4,2024-07-22 17:49:59.999,-0.0004640832781274162,0.0013588264542378655
2024-07-22 17:50:00,3468.4,3470.6,3467.6,3470.59,2024-07-22 17:59:59.999,0.0006312158030820593,0.0009463643339924697
2024-07-22 18:00:00,3470.6,3479.25,3469.34,3479.25,2024-07-22 18:09:59.999,0.0024921449938752694,0.0011246913748041247
2024-07-22 18:10:00,3479.25,3479.47,3468.06,3471.75,2024-07-22 18:19:59.999,-0.002157963720473119,0.0017538084348328684
2024-07-22 18:20:00,3471.75,3471.75,3465.09,3467.34,2024-07-22 18:29:59.999,-0.0012710602092581562,0.0019071071679783464
2024-07-22 18:30:00,3467.33,3475.43,3463.93,3470.55,2024-07-22 18:39:59.999,0.0009253534515695303,0.001670283702998616
2024-07-22 18:40:00,3470.55,3475.67,3470.54,3472.2,2024-07-22 18:49:59.999,0.0004753159860471792,0.001659155570201001
2024-07-22 18:50:00,3472.21,3478.0,3472.16,3472.8,2024-07-22 18:59:59.999,0.00017278617753584374,0.0016448531359102444
2024-07-22 19:00:00,3472.81,3476.42,3468.4,3476.41,2024-07-22 19:09:59.999,0.0010389671127321953,0.0012924994320079861
2024-07-22 19:10:00,3476.42,3485.59,3475.8,3477.64,2024-07-22 19:19:59.999,0.0003537506957316966,0.0008310648787491265
2024-07-22 19:20:00,3477.64,3480.6,3476.3,3479.01,2024-07-22 19:29:59.999,0.00039386774315552074,0.0003435512387322078
2024-07-22 19:30:00,3479.01,3486.0,3476.41,3486.0,2024-07-22 19:39:59.999,0.0020071765429629353,0.0006864258675487677
2024-07-22 19:40:00,3486.0,3494.86,3485.4,3493.99,2024-07-22 19:49:59.999,0.0022894025607125734,0.0009096021878602602
2024-07-22 19:50:00,3493.98,3498.63,3491.9,3498.14,2024-07-22 19:59:59.999,0.0011870490071862344,0.0008036910688268166
2024-07-22 20:00:00,3498.18,3499.53,3486.79,3487.9,2024-07-22 20:09:59.999,-0.0029315627547500077,0.001883554429942663
2024-07-22 20:10:00,3487.9,3495.76,3484.0,3487.76,2024-07-22 20:19:59.999,-4.013957102797634e-05,0.001898564594788303
2024-07-22 20:20:00,3487.75,3489.4,3482.88,3482.88,2024-07-22 20:29:59.999,-0.0014001586073150224,0.0020508202371079328
2024-07-22 20:30:00,3482.89,3486.94,3481.11,3485.44,2024-07-22 20:39:59.999,0.0007347538905133328,0.0018837264402772238
2024-07-22 20:40:00,3485.45,3488.59,3482.85,3485.42,2024-07-22 20:49:59.999,-5.738172908394671e-06,0.0015165712124021354
2024-07-22 20:50:00,3485.42,3494.23,3477.48,3489.15,2024-07-22 20:59:59.999,0.0010696000916492348,0.0014924113137416372
2024-07-22 21:00:00,3489.16,3489.79,3469.69,3469.7,2024-07-22 21:09:59.999,-0.005590018652011124,0.002463027478825413
2024-07-22 21:10:00,3469.69,3473.18,3461.09,3462.09,2024-07-22 21:19:59.999,-0.0021956819399691118,0.002474610470976593
2024-07-22 21:20:00,3462.05,3462.08,3446.08,3458.6,2024-07-22 21:29:59.999,-0.0010085700402243053,0.0024744272360571655
2024-07-22 21:30:00,3458.6,3467.03,3451.81,3467.02,2024-07-22 21:39:59.999,0.0024315524526516297,0.002809392089803989
2024-07-22 21:40:00,3467.02,3468.12,3461.45,3464.11,2024-07-22 21:49:59.999,-0.0008396899700284459,0.002777752918816065
2024-07-22 21:50:00,3464.01,3464.01,3456.46,3461.51,2024-07-22 21:59:59.999,-0.0007508353395498223,0.002597132053657969
2024-07-22 22:00:00,3461.52,3462.52,3445.0,3446.71,2024-07-22 22:09:59.999,-0.004284757185769382,0.002191470418173581
2024-07-22 22:10:00,3446.72,3450.0,3439.0,3443.79,2024-07-22 22:19:59.999,-0.0008475437703487085,0.00212577409811443
2024-07-22 22:20:00,3443.78,3446.6,3435.6,3443.37,2024-07-22 22:29:59.999,-0.00012196609357721968,0.0021460436240807275
2024-07-22 22:30:00,3443.37,3451.43,3438.61,3441.0,2024-07-22 22:39:59.999,-0.0006885161877196391,0.001508428422425811
2024-07-22 22:40:00,3441.0,3448.57,3439.41,3448.0,2024-07-22 22:49:59.999,0.0020322259861033564,0.002031682596785961
2024-07-22 22:50:00,3447.99,3455.27,3446.4,3448.18,2024-07-22 22:59:59.999,5.220281374341148e-05,0.0020599962435451104
2024-07-22 23:00:00,3448.18,3450.44,3439.2,3439.2,2024-07-22 23:09:59.999,-0.0026076694152554598,0.0015064448681718324
2024-07-22 23:10:00,3439.21,3440.0,3422.34,3438.63,2024-07-22 23:19:59.999,-0.00016574995348960623,0.0014882388394353522
2024-07-22 23:20:00,3438.63,3444.58,3436.27,3441.37,2024-07-22 23:29:59.999,0.0007965116700179825,0.0015499875215507352
2024-07-22 23:30:00,3441.37,3445.7,3436.84,3443.33,2024-07-22 23:39:59.999,0.0005693784922948407,0.0015389826260703752
2024-07-22 23:40:00,3443.34,3445.96,3441.41,3442.65,2024-07-22 23:49:59.999,-0.00019750275261042565,0.001218678651622835
2024-07-22 23:50:00,3442.66,3444.57,3435.11,3439.6,2024-07-22 23:59:59.999,-0.0008863381015430192,0.0012309468419642192
2024-07-23 00:00:00,3439.61,3446.59,3435.43,3446.59,2024-07-23 00:09:59.999,0.0020301508964408036,0.0010163007630438375
2024-07-23 00:10:00,3446.59,3454.41,3444.35,3448.31,2024-07-23 00:19:59.999,0.0004989195015674755,0.0009835235573990811
2024-07-23 00:20:00,3448.41,3449.0,3442.35,3445.3,2024-07-23 00:29:59.999,-0.0008732725498792912,0.001101337816541613
2024-07-23 00:30:00,3445.31,3459.22,3445.03,3459.22,2024-07-23 00:39:59.999,0.004032146726931048,0.0019330228259022233
2024-07-23 00:40:00,3459.21,3479.96,3457.1,3476.33,2024-07-23 00:49:59.999,0.0049340094761377105,0.0024788809542307137
2024-07-23 00:50:00,3476.34,3479.88,3468.79,3468.91,2024-07-23 00:59:59.999,-0.0021367160308455938,0.0027677201099577066
2024-07-23 01:00:00,3468.91,3477.73,3460.12,3473.1,2024-07-23 01:09:59.999,0.0012071433226987236,0.002751434904992306
2024-07-23 01:10:00,3473.09,3490.14,3470.26,3483.66,2024-07-23 01:19:59.999,0.003035898352300704,0.0028024053658538394
2024-07-23 01:20:00,3483.66,3487.49,3472.46,3473.82,2024-07-23 01:29:59.999,-0.002828612244909831,0.0032408713489952886
2024-07-23 01:30:00,3473.82,3484.57,3472.4,3476.64,2024-07-23 01:39:59.999,0.0008114571279422115,0.0029677600664149836
2024-07-23 01:40:00,3476.64,3477.96,3470.21,3472.77,2024-07-23 01:49:59.999,-0.0011137637295976083,0.0022344772787544166
2024-07-23 01:50:00,3472.78,3483.35,3472.78,3481.01,2024-07-23 01:59:59.999,0.0023699351595038104,0.0021986203875751717
2024-07-23 02:00:00,3481.01,3489.99,3477.43,3483.27,2024-07-23 02:09:59.999,0.0006490261963425015,0.002178512381888058
2024-07-23 02:10:00,3483.27,3484.19,3468.49,3477.4,2024-07-23 02:19:59.999,-0.0016866196476848362,0.0019101490217882013
2024-07-23 02:20:00,3477.39,3477.4,3472.5,3474.37,2024-07-23 02:29:59.999,-0.0008717204947442273,0.0015190237117203907
2024-07-23 02:30:00,3474.38,3485.29,3473.66,3483.14,2024-07-23 02:39:59.999,0.00252101819324291,0.001825207891679195
2024-07-23 02:40:00,3483.13,3489.97,3479.78,3482.6,2024-07-23 02:49:59.999,-0.00015504454690581842,0.0017140814009857775
2024-07-23 02:50:00,3482.61,3487.15,3480.33,3486.88,2024-07-23 02:59:59.999,0.0012282123022187832,0.0015126640198345536
2024-07-23 03:00:00,3486.87,3488.41,3480.41,3482.5,2024-07-23 03:09:59.999,-0.001256926893540283,0.0016164392059663114
2024-07-23 03:10:00,3482.5,3483.36,3476.84,3476.96,2024-07-23 03:19:59.999,-0.0015920778825345649,0.0015974906648999906
2024-07-23 03:20:00,3476.96,3479.0,3472.54,3476.55,2024-07-23 03:29:59.999,-0.00011792605474784654,0.001546026256258524
2024-07-23 03:30:00,3476.56,3476.56,3473.13,3475.57,2024-07-23 03:39:59.999,-0.00028192839205631556,0.000995145491832215
2024-07-23 03:40:00,3475.58,3480.0,3471.77,3479.6,2024-07-23 03:49:59.999,0.0011588503087636955,0.001177762678680241
2024-07-23 03:50:00,3479.6,3479.61,3473.21,3474.99,2024-07-23 03:59:59.999,-0.0013257433364755099,0.0010357544334275964
2024-07-23 04:00:00,3474.99,3479.4,3472.34,3477.26,2024-07-23 04:09:59.999,0.0006530260219841335,0.001074911094137233
2024-07-23 04:10:00,3477.26,3483.45,3477.26,3481.01,2024-07-23 04:19:59.999,0.0010778542261375395,0.0009545957054230436
2024-07-23 04:20:00,3481.0,3481.01,3468.47,3470.95,2024-07-23 04:29:59.999,-0.002894149857584351,0.0015944396875289526
2024-07-23 04:30:00,3470.94,3470.98,3450.2,3452.66,2024-07-23 04:39:59.999,-0.005283383248270636,0.0025957331360126163
2024-07-23 04:40:00,3452.66,3457.78,3446.59,3457.78,2024-07-23 04:49:59.999,0.0014818161902471815,0.002654678755805836
2024-07-23 04:50:00,3457.77,3463.29,3454.8,3454.81,2024-07-23 04:59:59.999,-0.0008593017039211034,0.0026517617543667304
2024-07-23 05:00:00,3454.81,3459.08,3444.0,3444.72,2024-07-23 05:09:59.999,-0.00292483899426824,0.002615642515504369
2024-07-23 05:10:00,3444.71,3456.16,3441.59,3442.06,2024-07-23 05:19:59.999,-0.0007724945859397132,0.002335520496285443
2024-07-23 05:20:00,3442.07,3445.8,3427.19,3435.64,2024-07-23 05:29:59.999,-0.0018669037220731203,0.002282963514932225
2024-07-23 05:30:00,3435.63,3435.63,3425.0,3433.94,2024-07-23 05:39:59.999,-0.0004949356539126915,0.0014757839446937354
2024-07-23 05:40:00,3433.95,3440.8,3429.42,3437.72,2024-07-23 05:49:59.999,0.001100170957605106,0.0013556096583148321
2024-07-23 05:50:00,3437.73,3441.68,3434.06,3441.67,2024-07-23 05:59:59.999,0.001148357756743259,0.0016118719089192252
2024-07-23 06:00:00,3441.67,3456.23,3438.64,3454.92,2024-07-23 06:09:59.999,0.0038424834019890495,0.00200817469911556
2024-07-23 06:10:00,3454.92,3461.8,3452.68,3453.93,2024-07-23 06:19:59.999,-0.0002865889422338475,0.001956066147362924
2024-07-23 06:20:00,3453.92,3454.2,3445.99,3450.06,2024-07-23 06:29:59.999,-0.0011210909648862427,0.0017862778185630099
2024-07-23 06:30:00,3450.05,3450.55,3432.42,3434.95,2024-07-23 06:39:59.999,-0.004389252668773744,0.002752594548264283
2024-07-23 06:40:00,3434.96,3445.25,3434.95,3444.06,2024-07-23 06:49:59.999,0.0026486384889019736,0.0029372564507953503
2024-07-23 06:50:00,3444.06,3447.88,3443.13,3445.39,2024-07-23 06:59:59.999,0.000386097588783371,0.002909950162876895
2024-07-23 07:00:00,3445.4,3450.0,3440.0,3446.63,2024-07-23 07:09:59.999,0.00035983645241300093,0.002321054401094513
2024-07-23 07:10:00,3446.63,3457.13,3445.0,3454.2,2024-07-23 07:19:59.999,0.0021939398699679226,0.0025545479900636312
2024-07-23 07:20:00,3454.21,3455.6,3439.4,3443.29,2024-07-23 07:29:59.999,-0.003163472248175832,0.0028543750794834183
2024-07-23 07:30:00,3443.3,3456.05,3440.8,3452.81,2024-07-23 07:39:59.999,0.0027609825981638565,0.0022474572831004433
2024-07-23 07:40:00,3452.82,3455.26,3447.6,3449.96,2024-07-23 07:49:59.999,-0.0008257555045133101,0.0021408456584132854
2024-07-23 07:50:00,3449.99,3454.85,3448.64,3454.84,2024-07-23 07:59:59.999,0.001413509678057077,0.0021910238231685657
2024-07-23 08:00:00,3454.85,3461.0,3452.09,3459.02,2024-07-23 08:04:59.999,0.0012091655050265862,0.0022108754051586347
