open_time,open,high,low,close,volume,close_time,quote_asset_volume,number_of_trades,taker_buy_base_asset_volume,taker_buy_quote_asset_volume,ignore
1721462400000,3487.39000000,3488.75000000,3482.86000000,3483.26000000,1038.89970000,1721462699999,3621542.56944000,5854,254.60790000,887503.56752000,0
1721462700000,3483.26000000,3491.03000000,3483.25000000,3491.03000000,423.34790000,1721462999999,1476308.31977800,1688,310.78170000,1083820.17207000,0
1721463000000,3491.03000000,3492.00000000,3490.37000000,3492.00000000,295.55350000,1721463299999,1031872.86417000,1111,131.64980000,459637.40933300,0
1721463300000,3491.99000000,3493.43000000,3491.76000000,3492.55000000,357.20830000,1721463599999,1247591.90430100,1568,206.77370000,722160.99736600,0
1721463600000,3492.55000000,3494.09000000,3491.79000000,3491.80000000,291.54020000,1721463899999,1018369.03919200,1399,116.23530000,406015.53207800,0
1721463900000,3491.80000000,3491.80000000,3489.16000000,3489.17000000,230.05630000,1721464199999,803040.56137800,886,56.72510000,197986.50057800,0
1721464200000,3489.16000000,3489.40000000,3484.70000000,3484.70000000,212.50030000,1721464499999,740936.32233100,1484,71.70860000,250060.29521000,0
1721464500000,3484.68000000,3487.20000000,3480.50000000,3487.14000000,898.78280000,1721464799999,3130312.51257900,2870,354.16830000,1233736.58146100,0
1721464800000,3487.14000000,3488.57000000,3485.66000000,3485.82000000,397.07390000,1721465099999,1384598.45039200,1749,194.34810000,677699.86433700,0
1721465100000,3485.82000000,3485.82000000,3480.55000000,3482.49000000,1198.55770000,1721465399999,4173332.74292400,3725,311.51390000,1084582.50619200,0
1721465400000,3482.49000000,3485.80000000,3481.45000000,3485.25000000,254.05740000,1721465699999,885118.76061300,1509,91.27710000,317986.95399500,0
1721465700000,3485.25000000,3486.03000000,3484.44000000,3485.85000000,264.35380000,1721465999999,921363.46704600,1182,134.83150000,469943.57878500,0
1721466000000,3485.84000000,3485.84000000,3481.94000000,3482.26000000,339.92290000,1721466299999,1184085.58306300,1956,143.15540000,498646.96879000,0
1721466300000,3482.25000000,3485.79000000,3481.47000000,3485.19000000,480.51700000,1721466599999,1673599.22552800,1444,255.14810000,888698.83790400,0
1721466600000,3485.19000000,3487.80000000,3485.18000000,3487.80000000,282.71770000,1721466899999,985588.53163100,987,185.99430000,648401.26050200,0
1721466900000,3487.79000000,3487.80000000,3485.38000000,3486.78000000,165.26800000,1721467199999,576201.25337500,1039,41.59040000,144983.85751100,0
1721467200000,3486.78000000,3486.84000000,3483.80000000,3483.81000000,251.77320000,1721467499999,877516.22092400,923,84.58440000,294789.49516400,0
1721467500000,3483.81000000,3484.98000000,3483.80000000,3484.25000000,505.82550000,1721467799999,1762587.19694800,1947,106.13860000,369821.43746100,0
1721467800000,3484.25000000,3493.46000000,3484.24000000,3493.25000000,648.36530000,1721468099999,2262311.96184200,1893,608.79970000,2124316.22357800,0
1721468100000,3493.25000000,3494.59000000,3491.60000000,3492.59000000,374.05720000,1721468399999,1306598.50444200,1773,193.93520000,677433.36876300,0
1721468400000,3492.60000000,3493.10000000,3490.10000000,3490.10000000,350.58860000,1721468699999,1224231.29678000,1207,92.34180000,322498.19359900,0
1721468700000,3490.10000000,3490.10000000,3486.20000000,3487.01000000,368.23990000,1721468999999,1284515.68828300,2103,100.84010000,351658.84976100,0
1721469000000,3487.01000000,3487.51000000,3484.10000000,3485.94000000,857.14730000,1721469299999,2987709.02998100,3552,418.77580000,1459513.69409600,0
1721469300000,3485.93000000,3485.94000000,3484.40000000,3484.40000000,452.30960000,1721469599999,1576421.33571700,1330,158.61780000,552813.20291800,0
1721469600000,3484.41000000,3485.63000000,3483.40000000,3485.59000000,542.17900000,1721469899999,1889258.73129000,1946,141.52370000,493171.11245800,0
1721469900000,3485.58000000,3490.81000000,3485.31000000,3488.63000000,710.49410000,1721470199999,2479142.08877600,1678,468.50330000,1634636.39326700,0
1721470200000,3488.62000000,3488.63000000,3486.37000000,3486.43000000,130.34470000,1721470499999,454469.61415700,678,70.33520000,245221.08373100,0
1721470500000,3486.43000000,3486.44000000,3480.77000000,3480.93000000,1032.27400000,1721470799999,3594573.10488700,2344,161.95060000,563864.69893900,0
1721470800000,3480.93000000,3485.84000000,3480.93000000,3484.57000000,808.58980000,1721471099999,2816667.85143300,2048,516.02230000,1797407.70418700,0
1721471100000,3484.58000000,3484.81000000,3483.95000000,3484.01000000,192.93630000,1721471399999,672264.14731000,857,141.98880000,494741.12800100,0
1721471400000,3484.01000000,3486.00000000,3483.80000000,3485.77000000,249.23350000,1721471699999,868436.82498300,1196,164.32180000,572570.96342000,0
1721471700000,3485.77000000,3487.73000000,3485.03000000,3485.03000000,180.90980000,1721471999999,630736.64080300,1373,79.54030000,277277.44279600,0
1721472000000,3485.03000000,3485.26000000,3482.34000000,3482.34000000,205.44430000,1721472299999,715709.48026900,1248,122.78310000,427728.80267700,0
1721472300000,3482.34000000,3489.52000000,3482.34000000,3486.40000000,487.62290000,1721472599999,1700551.35354000,2877,366.55820000,1278295.81929500,0
1721472600000,3486.41000000,3489.78000000,3486.41000000,3487.69000000,225.44540000,1721472899999,786374.90970600,1564,108.09790000,377053.76893700,0
1721472900000,3487.69000000,3489.17000000,3487.00000000,3488.93000000,175.62020000,1721473199999,612609.52395900,1316,129.82740000,452874.82767000,0
1721473200000,3488.92000000,3489.40000000,3486.23000000,3487.19000000,131.58000000,1721473499999,458956.01057500,1336,38.24760000,133391.67034900,0
1721473500000,3487.20000000,3487.60000000,3486.47000000,3487.60000000,134.93310000,1721473799999,470519.94840800,1009,92.34980000,322027.13248100,0
1721473800000,3487.60000000,3487.60000000,3484.40000000,3484.61000000,201.95200000,1721474099999,703986.60700000,1352,94.61290000,329834.33848300,0
1721474100000,3484.61000000,3485.73000000,3482.20000000,3482.86000000,185.74920000,1721474399999,647187.91746600,1616,83.97000000,292560.55521400,0
1721474400000,3482.86000000,3483.54000000,3481.25000000,3481.40000000,405.19040000,1721474699999,1410949.05302000,1478,132.23870000,460454.88296700,0
1721474700000,3481.40000000,3486.68000000,3481.40000000,3486.67000000,1102.78610000,1721474999999,3841566.63370000,2044,618.37690000,2153984.87603800,0
1721475000000,3486.68000000,3491.10000000,3486.47000000,3490.75000000,539.14300000,1721475299999,1880535.17651600,1681,442.65650000,1543846.73514700,0
1721475300000,3490.75000000,3491.90000000,3488.89000000,3488.89000000,251.74390000,1721475599999,878894.02020500,1370,89.62680000,312904.18247200,0
1721475600000,3488.90000000,3490.76000000,3488.89000000,3490.75000000,164.33350000,1721475899999,573563.87080900,994,87.07090000,303881.86801400,0
1721475900000,3490.76000000,3490.76000000,3486.62000000,3488.01000000,161.74350000,1721476199999,564176.10070300,1395,53.41450000,186286.10510700,0
1721476200000,3488.00000000,3488.01000000,3483.61000000,3484.01000000,391.86470000,1721476499999,1365599.46848300,1773,91.39590000,318455.64860600,0
1721476500000,3484.01000000,3486.20000000,3484.00000000,3484.81000000,179.13070000,1721476799999,624341.63778900,994,120.87500000,421293.42493000,0
1721476800000,3484.81000000,3489.23000000,3484.43000000,3488.77000000,184.30410000,1721477099999,642839.69228700,1608,119.42320000,416537.31409900,0
1721477100000,3488.77000000,3490.00000000,3488.57000000,3489.68000000,259.32950000,1721477399999,904886.44079700,913,98.39020000,343304.99188300,0
1721477400000,3489.67000000,3491.00000000,3489.67000000,3490.79000000,197.00640000,1721477699999,687575.41959000,944,104.25330000,363841.98866600,0
1721477700000,3490.79000000,3490.79000000,3486.40000000,3489.80000000,590.70850000,1721477999999,2060629.62361900,1804,290.53200000,1013460.83489500,0
1721478000000,3489.81000000,3489.81000000,3487.76000000,3487.76000000,81.65590000,1721478299999,284849.30982400,895,47.25380000,164830.84180900,0
1721478300000,3487.76000000,3488.47000000,3486.60000000,3488.46000000,154.87560000,1721478599999,540074.77752400,984,50.41180000,175803.32251000,0
1721478600000,3488.47000000,3491.12000000,3487.00000000,3490.79000000,230.58770000,1721478899999,804542.97458100,1438,181.37630000,632896.22033200,0
1721478900000,3490.80000000,3495.99000000,3490.79000000,3493.60000000,405.69790000,1721479199999,1417416.13533700,1958,306.95690000,1072363.80196000,0
1721479200000,3493.60000000,3494.99000000,3492.55000000,3492.86000000,690.50260000,1721479499999,2412750.48570700,2254,314.28040000,1098155.69402500,0
1721479500000,3492.86000000,3496.62000000,3492.86000000,3495.41000000,545.76390000,1721479799999,1907699.82001800,3641,246.52750000,861562.11834200,0
1721479800000,3495.42000000,3495.57000000,3492.72000000,3492.73000000,419.29600000,1721480099999,1465364.52190800,1477,153.52010000,536551.81834000,0
1721480100000,3492.73000000,3493.59000000,3491.68000000,3492.11000000,145.94100000,1721480399999,509725.63247500,981,71.81610000,250810.53521600,0
1721480400000,3492.11000000,3495.05000000,3492.09000000,3493.59000000,573.66190000,1721480699999,2004231.47273000,1576,501.44060000,1751890.02954200,0
1721480700000,3493.60000000,3493.60000000,3489.50000000,3489.51000000,393.65010000,1721480999999,1374607.58776600,1659,68.88060000,240517.81047600,0
1721481000000,3489.50000000,3489.50000000,3486.00000000,3486.01000000,364.64330000,1721481299999,1271529.88098100,1214,156.57400000,545990.68220100,0
1721481300000,3486.01000000,3490.75000000,3481.20000000,3490.52000000,2718.28380000,1721481599999,9474868.53379600,5342,407.48540000,1420242.02811000,0
1721481600000,3490.52000000,3493.56000000,3490.25000000,3493.50000000,325.37770000,1721481899999,1136041.53007300,1797,116.03560000,405153.35734700,0
1721481900000,3493.50000000,3494.96000000,3492.28000000,3494.28000000,285.62300000,1721482199999,997822.40317100,1343,131.65780000,459928.37739200,0
1721482200000,3494.28000000,3498.20000000,3489.00000000,3489.00000000,909.95950000,1721482499999,3178414.57184400,4039,379.19690000,1324896.69481500,0
1721482500000,3489.01000000,3489.49000000,3484.10000000,3485.65000000,989.84430000,1721482799999,3451358.75453300,4440,227.47160000,792968.22854800,0
1721482800000,3485.75000000,3486.25000000,3484.37000000,3486.00000000,237.49940000,1721483099999,827751.92457500,2103,150.54500000,524687.00809000,0
1721483100000,3486.00000000,3486.25000000,3483.69000000,3486.23000000,407.57010000,1721483399999,1420399.18032700,2339,226.78610000,790339.50069300,0
1721483400000,3486.23000000,3489.48000000,3485.12000000,3489.48000000,173.32220000,1721483699999,604234.35173000,1578,87.84420000,306244.08567300,0
1721483700000,3489.48000000,3491.60000000,3489.07000000,3490.68000000,293.93830000,1721483999999,1025847.84446100,1620,149.39260000,521352.99328100,0
1721484000000,3490.69000000,3493.75000000,3488.81000000,3491.56000000,487.15120000,1721484299999,1700713.56383500,2591,218.88920000,764216.81097600,0
1721484300000,3491.56000000,3494.00000000,3490.65000000,3490.66000000,410.61330000,1721484599999,1433941.93484100,1989,132.94550000,464302.87395100,0
1721484600000,3490.66000000,3490.66000000,3489.49000000,3490.00000000,402.16370000,1721484899999,1403626.75118400,2609,180.04020000,628334.66539600,0
1721484900000,3490.00000000,3492.95000000,3489.99000000,3492.95000000,298.22540000,1721485199999,1041144.88251600,1411,161.98120000,565518.26363600,0
1721485200000,3492.94000000,3495.52000000,3492.94000000,3495.51000000,635.86330000,1721485499999,2221746.30783400,1522,558.79040000,1952442.92213400,0
1721485500000,3495.51000000,3496.25000000,3494.44000000,3495.77000000,583.88620000,1721485799999,2040992.66919000,1881,416.43120000,1455648.06679500,0
1721485800000,3495.77000000,3497.63000000,3493.54000000,3495.28000000,712.67450000,1721486099999,2491522.99446200,2843,311.99840000,1090757.24991500,0
1721486100000,3495.29000000,3503.91000000,3494.60000000,3502.85000000,1351.02040000,1721486399999,4725653.30580200,4308,1055.50770000,3691984.80033900,0
1721486400000,3502.85000000,3507.84000000,3501.80000000,3505.62000000,1036.94930000,1721486699999,3634458.77445700,3831,758.98230000,2660190.99735200,0
1721486700000,3505.62000000,3505.62000000,3496.74000000,3499.50000000,560.24360000,1721486999999,1960987.82163700,3477,183.79560000,643289.68508600,0
1721487000000,3499.50000000,3499.50000000,3494.61000000,3494.80000000,339.34610000,1721487299999,1186668.09082100,2181,135.80970000,474895.94276800,0
1721487300000,3494.80000000,3498.33000000,3494.79000000,3497.41000000,477.96620000,1721487599999,1671281.03684400,3701,251.51450000,879395.11975700,0
1721487600000,3497.41000000,3500.56000000,3497.41000000,3500.33000000,331.59000000,1721487899999,1160489.99309400,1935,135.89000000,475545.46239900,0
1721487900000,3500.33000000,3501.80000000,3498.84000000,3501.80000000,430.54070000,1721488199999,1506958.00854800,1983,226.40390000,792526.00834600,0
1721488200000,3501.80000000,3502.40000000,3497.73000000,3498.78000000,368.22680000,1721488499999,1288698.94386300,1939,215.27740000,753342.49733700,0
1721488500000,3498.78000000,3499.50000000,3496.99000000,3497.78000000,606.02240000,1721488799999,2120227.68539800,1735,153.49410000,536918.51807300,0
1721488800000,3497.78000000,3504.46000000,3497.77000000,3502.38000000,415.92960000,1721489099999,1456580.14157800,2698,185.09070000,648106.16086600,0
1721489100000,3502.38000000,3504.70000000,3501.68000000,3504.70000000,280.67600000,1721489399999,983282.47017500,1548,167.56690000,587042.71599900,0
1721489400000,3504.70000000,3507.70000000,3499.01000000,3499.01000000,703.84670000,1721489699999,2465893.81591700,4228,207.94970000,728616.64537800,0
1721489700000,3499.02000000,3499.46000000,3494.66000000,3498.55000000,828.67000000,1721489999999,2897557.34724200,3917,369.04030000,1290203.18314500,0
1721490000000,3498.55000000,3500.71000000,3498.20000000,3498.49000000,402.89960000,1721490299999,1410033.36743300,2553,179.73490000,629036.64974600,0
1721490300000,3498.54000000,3501.80000000,3498.54000000,3498.66000000,326.95570000,1721490599999,1144621.69403200,2689,119.74890000,419219.17146100,0
1721490600000,3498.66000000,3500.40000000,3498.20000000,3499.01000000,334.16780000,1721490899999,1169332.56737500,1776,196.94130000,689096.24609900,0
1721490900000,3499.01000000,3503.80000000,3499.01000000,3503.72000000,233.80640000,1721491199999,818767.00907100,2105,85.23580000,298474.97109800,0
1721491200000,3503.71000000,3505.73000000,3500.20000000,3502.80000000,796.12220000,1721491499999,2789489.75643000,4620,430.08220000,1507096.98161500,0
1721491500000,3502.81000000,3503.19000000,3498.91000000,3501.00000000,356.56120000,1721491799999,1248217.19468500,2079,108.66400000,380366.77881500,0
1721491800000,3501.00000000,3503.00000000,3500.94000000,3502.18000000,259.08660000,1721492099999,907249.99326800,1497,114.63440000,401393.24746400,0
1721492100000,3502.18000000,3502.19000000,3499.07000000,3500.14000000,311.50880000,1721492399999,1090404.02384400,1860,131.07850000,458802.69824300,0
1721492400000,3500.14000000,3507.29000000,3500.14000000,3505.10000000,404.43270000,1721492699999,1417343.24427600,3914,243.78330000,854193.86767500,0
1721492700000,3505.10000000,3506.65000000,3503.59000000,3505.81000000,292.31950000,1721492999999,1024616.88795700,2325,112.85440000,395578.75044100,0
1721493000000,3505.80000000,3512.91000000,3505.80000000,3511.81000000,1034.10030000,1721493299999,3629680.57138400,3614,626.81580000,2200016.16117700,0
1721493300000,3511.86000000,3513.40000000,3504.20000000,3507.79000000,729.56720000,1721493599999,2559252.71984700,3762,262.67340000,921573.53175000,0
1721493600000,3507.78000000,3508.30000000,3498.93000000,3498.94000000,1132.26710000,1721493899999,3965757.15433300,3986,253.44020000,887616.95273400,0
1721493900000,3498.93000000,3499.09000000,3490.53000000,3496.59000000,824.04680000,1721494199999,2880152.55155800,7256,313.30050000,1095067.98697300,0
1721494200000,3496.59000000,3497.92000000,3491.81000000,3497.19000000,600.21730000,1721494499999,2097673.74419000,3098,233.37030000,815632.05391900,0
1721494500000,3497.19000000,3498.40000000,3496.43000000,3498.20000000,215.90130000,1721494799999,755145.22069400,1702,94.30990000,329864.22060700,0
1721494800000,3498.19000000,3498.39000000,3496.00000000,3498.37000000,568.60820000,1721495099999,1988519.90994900,2384,173.74170000,607538.75288300,0
1721495100000,3498.38000000,3504.02000000,3498.37000000,3503.05000000,849.10320000,1721495399999,2973806.99618400,2632,537.88520000,1883566.82209800,0
1721495400000,3503.06000000,3516.40000000,3492.38000000,3504.59000000,5363.97820000,1721495699999,18801902.17323900,15372,2605.10920000,9130238.73443500,0
1721495700000,3504.60000000,3518.78000000,3503.67000000,3513.34000000,3611.48760000,1721495999999,12690370.71806600,19538,1664.45110000,5848230.21809800,0
1721496000000,3513.34000000,3516.73000000,3510.13000000,3512.58000000,1315.85940000,1721496299999,4622201.76478600,6604,395.03600000,1387449.58572100,0
1721496300000,3512.58000000,3512.59000000,3505.62000000,3507.69000000,706.87490000,1721496599999,2479932.14342900,4800,171.74150000,602355.51343300,0
1721496600000,3507.70000000,3529.41000000,3507.70000000,3525.40000000,2747.08150000,1721496899999,9672322.13627500,12205,1951.92000000,6872050.57792900,0
1721496900000,3525.39000000,3527.97000000,3521.87000000,3523.60000000,747.74070000,1721497199999,2635483.50158900,4830,261.92700000,923228.49868500,0
1721497200000,3523.59000000,3534.57000000,3523.44000000,3530.81000000,1227.98630000,1721497499999,4335546.63622600,5422,686.38150000,2422994.76916000,0
1721497500000,3530.81000000,3539.65000000,3530.81000000,3533.13000000,1727.08960000,1721497799999,6107012.44427200,8828,1026.35870000,3629151.03931000,0
1721497800000,3533.14000000,3533.46000000,3523.58000000,3527.80000000,1153.44890000,1721498099999,4069097.85731500,4498,353.78440000,1247801.22644000,0
1721498100000,3527.80000000,3528.19000000,3524.00000000,3527.16000000,765.69160000,1721498399999,2700499.34780500,3092,317.64290000,1120262.46203200,0
1721498400000,3527.17000000,3529.64000000,3522.00000000,3522.30000000,540.01610000,1721498699999,1903286.99683900,4003,205.73930000,725079.36362300,0
1721498700000,3522.30000000,3524.54000000,3517.00000000,3518.54000000,1113.58740000,1721498999999,3919877.79334600,7055,326.60230000,1149828.98218700,0
1721499000000,3518.53000000,3524.60000000,3518.53000000,3524.59000000,413.88000000,1721499299999,1457694.81668400,2603,201.82020000,710830.07451000,0
1721499300000,3524.58000000,3528.03000000,3522.75000000,3527.00000000,588.92570000,1721499599999,2076395.53938200,3600,320.77200000,1130964.72199700,0
1721499600000,3526.99000000,3528.80000000,3522.45000000,3528.04000000,612.88000000,1721499899999,2161171.58411900,3472,374.47110000,1320466.47714600,0
1721499900000,3528.03000000,3531.00000000,3527.00000000,3527.00000000,587.66550000,1721500199999,2074324.66551900,2479,439.69360000,1552061.09150200,0
1721500200000,3527.01000000,3530.03000000,3526.20000000,3526.68000000,277.20570000,1721500499999,977988.79875000,2477,122.00500000,430426.51001400,0
1721500500000,3526.69000000,3526.69000000,3522.40000000,3524.39000000,283.66380000,1721500799999,999591.44840100,1915,163.09410000,574654.71066000,0
1721500800000,3524.40000000,3532.83000000,3524.40000000,3532.82000000,437.13380000,1721501099999,1542627.45969500,2632,270.44130000,954357.69136800,0
1721501100000,3532.83000000,3537.53000000,3532.20000000,3535.26000000,517.85250000,1721501399999,1830688.53414300,4192,259.20620000,916301.31149200,0
1721501400000,3535.27000000,3538.00000000,3532.65000000,3533.79000000,492.23530000,1721501699999,1740365.30354600,4317,231.51510000,818704.12470900,0
1721501700000,3533.79000000,3534.00000000,3529.83000000,3531.01000000,508.30940000,1721501999999,1795237.05467000,2114,119.98980000,423665.56921700,0
1721502000000,3531.01000000,3531.98000000,3527.71000000,3530.91000000,445.93310000,1721502299999,1573968.85457400,2069,164.02050000,578872.89368900,0
1721502300000,3530.91000000,3536.50000000,3530.60000000,3534.53000000,539.94160000,1721502599999,1908149.07399900,2107,289.81380000,1024111.69566600,0
1721502600000,3534.54000000,3535.00000000,3530.17000000,3530.17000000,665.36230000,1721502899999,2351018.58121000,1989,195.83190000,692114.77984300,0
1721502900000,3530.00000000,3530.00000000,3524.00000000,3524.94000000,660.53380000,1721503199999,2329680.71414300,2902,156.71740000,552590.88002500,0
1721503200000,3524.99000000,3528.15000000,3524.00000000,3527.59000000,294.66430000,1721503499999,1039256.66709500,1589,155.90260000,549845.00134900,0
1721503500000,3527.59000000,3527.60000000,3525.35000000,3525.99000000,247.02510000,1721503799999,871142.69658200,1148,80.40490000,283534.08765000,0
1721503800000,3525.99000000,3526.81000000,3523.43000000,3526.00000000,342.48850000,1721504099999,1207200.01521800,1798,197.99260000,697868.78885000,0
1721504100000,3526.00000000,3526.16000000,3513.59000000,3517.75000000,1335.12120000,1721504399999,4697576.62245000,5754,360.76920000,1268909.09332800,0
1721504400000,3517.75000000,3519.29000000,3513.72000000,3517.70000000,468.76180000,1721504699999,1648585.34188600,2660,204.88680000,720574.04766800,0
1721504700000,3517.71000000,3519.79000000,3508.81000000,3509.73000000,1255.21340000,1721504999999,4410387.02649500,5254,417.33460000,1466246.20942400,0
1721505000000,3509.74000000,3513.50000000,3509.74000000,3510.63000000,363.51740000,1721505299999,1276674.27004400,2634,178.37680000,626413.15174100,0
1721505300000,3510.63000000,3514.45000000,3510.00000000,3514.45000000,207.61000000,1721505599999,729374.36162500,1538,101.93110000,358086.63871800,0
1721505600000,3514.44000000,3522.24000000,3514.44000000,3522.07000000,312.06380000,1721505899999,1098263.53468600,2049,220.77680000,777059.52343300,0
1721505900000,3522.08000000,3523.73000000,3519.01000000,3519.99000000,202.80100000,1721506199999,714271.91762700,1591,79.04590000,278389.29795600,0
1721506200000,3519.99000000,3524.49000000,3519.99000000,3524.49000000,152.70460000,1721506499999,537942.65846900,1370,92.30130000,325148.38098600,0
1721506500000,3524.48000000,3524.93000000,3520.60000000,3523.41000000,189.16940000,1721506799999,666516.02381100,2123,96.97280000,341672.85597400,0
1721506800000,3523.42000000,3523.84000000,3521.34000000,3522.62000000,103.24120000,1721507099999,363722.23594200,1083,31.57690000,111245.24898000,0
1721507100000,3522.62000000,3522.92000000,3520.00000000,3521.59000000,130.38770000,1721507399999,459145.87306300,904,84.03400000,295912.06177700,0
1721507400000,3521.59000000,3523.84000000,3520.88000000,3523.83000000,88.04780000,1721507699999,310119.74043600,922,53.79780000,189489.77145700,0
1721507700000,3523.84000000,3526.22000000,3523.84000000,3525.42000000,257.75280000,1721507999999,908633.90298300,2046,109.46820000,385878.94972100,0
1721508000000,3525.42000000,3526.21000000,3523.00000000,3523.59000000,143.57090000,1721508299999,506197.46593300,1008,55.57260000,195940.49176200,0
1721508300000,3523.59000000,3525.60000000,3523.21000000,3524.13000000,187.32220000,1721508599999,660114.23490500,1217,103.63370000,365191.95523600,0
1721508600000,3524.12000000,3524.55000000,3522.40000000,3523.17000000,217.64860000,1721508899999,766884.36519400,1441,51.52490000,181552.65777700,0
1721508900000,3523.17000000,3523.80000000,3522.00000000,3522.27000000,119.68590000,1721509199999,421620.91502800,1082,54.49880000,191984.19061100,0
1721509200000,3522.28000000,3523.00000000,3506.00000000,3509.74000000,1121.01190000,1721509499999,3940210.81666500,4692,320.21060000,1124950.75489900,0
1721509500000,3509.73000000,3512.20000000,3507.61000000,3507.99000000,438.27870000,1721509799999,1538187.24974300,3002,160.81510000,564381.86388300,0
1721509800000,3507.99000000,3511.88000000,3500.20000000,3510.94000000,1213.72140000,1721510099999,4254948.81732500,5448,559.83330000,1963183.88468600,0
1721510100000,3510.94000000,3514.69000000,3507.03000000,3512.08000000,327.07250000,1721510399999,1148211.54446500,2798,181.16260000,635913.57419800,0
1721510400000,3512.09000000,3512.57000000,3507.00000000,3512.43000000,206.64490000,1721510699999,725373.64719400,1631,75.03230000,263386.76041000,0
1721510700000,3512.44000000,3512.89000000,3511.78000000,3512.89000000,151.55280000,1721510999999,532260.42776600,858,38.65600000,135766.05034000,0
1721511000000,3512.88000000,3514.70000000,3508.00000000,3511.92000000,315.45060000,1721511299999,1107955.27341500,2112,129.19990000,453822.57044800,0
1721511300000,3511.93000000,3513.84000000,3511.71000000,3513.41000000,139.18700000,1721511599999,488968.45523500,755,70.40280000,247329.09533600,0
1721511600000,3513.41000000,3516.58000000,3513.37000000,3515.91000000,177.05130000,1721511899999,622383.78511700,911,113.43310000,398732.22154700,0
1721511900000,3515.90000000,3517.59000000,3515.64000000,3517.59000000,126.29520000,1721512199999,444153.18485900,1101,42.23300000,148511.39349900,0
1721512200000,3517.58000000,3518.08000000,3514.78000000,3517.39000000,151.32940000,1721512499999,532169.50856000,893,48.11500000,169197.85634500,0
1721512500000,3517.39000000,3517.40000000,3515.09000000,3515.09000000,100.44550000,1721512799999,353148.03191500,791,20.46580000,71959.67868300,0
1721512800000,3515.09000000,3522.60000000,3515.00000000,3522.24000000,505.66880000,1721513099999,1779609.19007200,3607,334.70750000,1177919.09425100,0
1721513100000,3521.95000000,3522.40000000,3517.60000000,3521.60000000,299.02730000,1721513399999,1052681.10169000,2536,146.15960000,514481.88512200,0
1721513400000,3521.59000000,3522.78000000,3519.73000000,3519.74000000,154.82140000,1721513699999,545197.56625000,1210,59.86370000,210806.10019600,0
1721513700000,3519.74000000,3520.25000000,3516.35000000,3520.24000000,390.10760000,1721513999999,1372846.30774700,1404,268.49000000,944883.08915000,0
1721514000000,3520.25000000,3520.25000000,3518.00000000,3518.99000000,151.34850000,1721514299999,532685.19965100,991,51.49700000,181220.02670200,0
1721514300000,3518.99000000,3518.99000000,3514.42000000,3517.00000000,231.99080000,1721514599999,815781.63341700,1674,59.00680000,207479.71023100,0
1721514600000,3517.00000000,3519.20000000,3516.16000000,3517.56000000,126.95580000,1721514899999,446698.05897000,1184,75.71740000,266414.33230400,0
1721514900000,3517.56000000,3517.56000000,3513.77000000,3513.77000000,152.49440000,1721515199999,536003.44598200,1475,27.07440000,95168.74779900,0
1721515200000,3513.77000000,3513.78000000,3508.50000000,3508.51000000,479.79930000,1721515499999,1684448.37068100,2037,135.82090000,476806.86404800,0
1721515500000,3508.51000000,3512.00000000,3508.00000000,3511.57000000,580.22050000,1721515799999,2036532.75226600,2984,350.67220000,1230680.14970000,0
1721515800000,3511.57000000,3511.97000000,3508.73000000,3509.02000000,236.51030000,1721516099999,830227.71212600,1343,69.94060000,245467.51641600,0
1721516100000,3509.02000000,3515.63000000,3509.01000000,3514.20000000,315.89890000,1721516399999,1109647.83428800,1894,205.36570000,721194.96262400,0
1721516400000,3514.19000000,3515.55000000,3513.37000000,3515.00000000,122.08390000,1721516699999,429062.40984300,1272,75.65370000,265899.31571400,0
1721516700000,3514.99000000,3517.17000000,3514.37000000,3516.83000000,200.46340000,1721516999999,704725.25912500,1327,100.89970000,354725.82959300,0
1721517000000,3516.83000000,3518.33000000,3516.50000000,3517.76000000,203.02610000,1721517299999,714182.49052100,1036,95.64420000,336461.07581600,0
1721517300000,3517.76000000,3519.23000000,3515.46000000,3515.46000000,621.68480000,1721517599999,2187472.99723900,1456,292.22900000,1028293.13141100,0
1721517600000,3515.46000000,3518.31000000,3515.46000000,3517.16000000,221.71200000,1721517899999,779700.05427200,1353,132.87070000,467251.14490800,0
1721517900000,3517.15000000,3519.38000000,3516.40000000,3519.38000000,99.77970000,1721518199999,351049.71786100,602,49.22020000,173183.54430200,0
1721518200000,3519.38000000,3521.17000000,3519.38000000,3520.41000000,207.39710000,1721518499999,730073.56919700,1083,108.53070000,382028.51500600,0
1721518500000,3520.41000000,3521.21000000,3518.60000000,3519.20000000,251.21480000,1721518799999,884216.66795900,1242,57.68520000,203058.85758600,0
1721518800000,3519.21000000,3519.96000000,3518.80000000,3519.71000000,89.83240000,1721519099999,316149.53368100,690,34.88090000,122756.00167800,0
1721519100000,3519.72000000,3522.02000000,3519.71000000,3521.51000000,214.92180000,1721519399999,756810.18789000,1029,136.02150000,478961.96160000,0
1721519400000,3521.51000000,3521.89000000,3521.08000000,3521.08000000,65.58920000,1721519699999,230981.86399600,610,24.06930000,84762.02144500,0
1721519700000,3521.08000000,3521.09000000,3516.52000000,3517.50000000,530.10510000,1721519999999,1865142.83575800,1331,155.19680000,545918.62194500,0
1721520000000,3517.50000000,3520.41000000,3515.88000000,3517.80000000,984.44660000,1721520299999,3462685.29493300,1889,521.70560000,1834967.43784200,0
1721520300000,3517.79000000,3519.00000000,3516.85000000,3518.99000000,168.33090000,1721520599999,592205.64191400,1067,59.43370000,209088.35338600,0
1721520600000,3518.99000000,3521.80000000,3517.80000000,3521.80000000,286.26480000,1721520899999,1007379.58922200,1183,203.11050000,714756.08172000,0
1721520900000,3521.80000000,3528.80000000,3521.79000000,3527.06000000,612.67150000,1721521199999,2159948.66125200,3083,304.24490000,1072638.72113200,0
1721521200000,3527.07000000,3527.43000000,3523.39000000,3523.39000000,226.98170000,1721521499999,800255.91494600,1342,55.71030000,196414.03140200,0
1721521500000,3523.39000000,3524.00000000,3522.71000000,3522.98000000,233.75190000,1721521799999,823574.91158000,1038,70.27460000,247594.99545900,0
1721521800000,3522.97000000,3522.98000000,3518.54000000,3518.60000000,391.86240000,1721522099999,1379903.50558700,2181,138.38070000,487263.70378900,0
1721522100000,3518.61000000,3518.61000000,3512.34000000,3512.35000000,419.98560000,1721522399999,1476369.55127000,2301,81.22990000,285422.42732900,0
1721522400000,3512.35000000,3513.34000000,3509.10000000,3511.06000000,291.67390000,1721522699999,1023988.33404000,2052,128.60200000,451451.32713300,0
1721522700000,3511.05000000,3513.93000000,3510.00000000,3510.75000000,347.27140000,1721522999999,1219590.17392100,2364,139.65340000,490433.43799600,0
1721523000000,3510.75000000,3510.76000000,3505.81000000,3505.82000000,540.62300000,1721523299999,1896445.21501800,4615,195.94760000,687283.25542900,0
1721523300000,3505.82000000,3507.91000000,3503.70000000,3507.90000000,545.08080000,1721523599999,1911062.65175100,2182,308.49600000,1081619.46997700,0
1721523600000,3507.89000000,3509.97000000,3507.89000000,3508.32000000,199.31970000,1721523899999,699426.59454000,1297,91.41770000,320771.50718900,0
1721523900000,3508.32000000,3511.00000000,3507.10000000,3510.00000000,201.40050000,1721524199999,706762.08465600,1684,83.95890000,294655.53091700,0
1721524200000,3510.00000000,3511.19000000,3510.00000000,3510.84000000,73.70340000,1721524499999,258748.25097100,982,43.29520000,151991.39957000,0
1721524500000,3510.83000000,3513.55000000,3510.83000000,3513.09000000,145.06100000,1721524799999,509551.89167300,1025,79.23650000,278315.17037200,0
1721524800000,3513.08000000,3519.53000000,3513.08000000,3517.05000000,412.22730000,1721525099999,1449460.80846600,2344,186.26000000,654886.42332400,0
1721525100000,3517.05000000,3517.62000000,3513.40000000,3513.78000000,242.48830000,1721525399999,852467.63974900,1299,82.67400000,290595.73330400,0
1721525400000,3513.78000000,3514.93000000,3512.83000000,3513.22000000,126.78810000,1721525699999,445513.25794100,1088,44.31100000,155712.77652000,0
1721525700000,3513.23000000,3514.60000000,3512.42000000,3514.60000000,511.96500000,1721525999999,1798983.44054300,1407,226.01580000,794180.10719500,0
1721526000000,3514.59000000,3519.66000000,3514.59000000,3518.96000000,635.06140000,1721526299999,2233842.40033400,2130,514.34200000,1809173.63427300,0
1721526300000,3518.96000000,3523.09000000,3517.60000000,3520.40000000,368.98580000,1721526599999,1298656.23166200,2416,141.82720000,499252.20175300,0
1721526600000,3520.41000000,3521.18000000,3518.21000000,3518.42000000,207.08140000,1721526899999,728782.84426500,1194,102.18070000,359604.92723600,0
1721526900000,3518.42000000,3518.43000000,3515.98000000,3515.99000000,193.01910000,1721527199999,678789.63557100,1202,62.59000000,220099.86584000,0
1721527200000,3515.98000000,3517.99000000,3514.91000000,3516.66000000,230.35910000,1721527499999,809883.89377200,1346,139.11130000,489058.86294600,0
1721527500000,3516.66000000,3518.80000000,3516.13000000,3516.94000000,212.11110000,1721527799999,746090.30345000,1765,69.93610000,245956.05040300,0
1721527800000,3516.93000000,3517.24000000,3516.00000000,3516.00000000,249.61980000,1721528099999,877847.27699500,3444,64.84780000,228055.80383000,0
1721528100000,3516.00000000,3518.59000000,3515.94000000,3517.81000000,188.89770000,1721528399999,664433.80969700,1295,86.56340000,304483.85848000,0
1721528400000,3517.81000000,3519.93000000,3517.30000000,3518.97000000,142.24890000,1721528699999,500567.26921500,855,62.09850000,218518.60112400,0
1721528700000,3518.97000000,3518.97000000,3517.39000000,3518.13000000,87.02310000,1721528999999,306153.40921100,742,31.17000000,109662.13724100,0
1721529000000,3518.13000000,3518.13000000,3516.45000000,3517.33000000,82.73060000,1721529299999,290988.78554800,830,42.43080000,149241.23026000,0
1721529300000,3517.34000000,3519.80000000,3517.10000000,3519.58000000,158.26030000,1721529599999,556928.66412000,728,76.84990000,270411.53234500,0
1721529600000,3519.59000000,3522.00000000,3519.58000000,3521.99000000,481.03880000,1721529899999,1693543.10634200,982,272.44210000,959152.59252100,0
1721529900000,3522.00000000,3522.45000000,3516.00000000,3517.17000000,203.34070000,1721530199999,715589.80332000,1422,114.11930000,401574.50197100,0
1721530200000,3517.17000000,3517.58000000,3515.80000000,3516.80000000,219.24790000,1721530499999,770949.86931600,1023,140.10230000,492619.68131700,0
1721530500000,3516.80000000,3516.80000000,3514.12000000,3514.25000000,308.13770000,1721530799999,1083160.33147000,968,62.65050000,220233.77057500,0
1721530800000,3514.25000000,3514.80000000,3511.74000000,3514.20000000,802.12570000,1721531099999,2818261.00737100,2321,200.01730000,702725.08876700,0
1721531100000,3514.19000000,3516.29000000,3514.19000000,3516.20000000,165.95420000,1721531399999,583363.96014300,1164,138.32940000,486251.78879800,0
1721531400000,3516.20000000,3517.81000000,3516.20000000,3517.81000000,151.29590000,1721531699999,532084.37818300,660,102.25100000,359608.08539800,0
1721531700000,3517.81000000,3520.00000000,3517.80000000,3520.00000000,276.92640000,1721531999999,974637.23072000,1111,96.10310000,338215.62238800,0
1721532000000,3519.99000000,3520.55000000,3517.13000000,3517.14000000,206.06090000,1721532299999,725195.59759200,709,110.25790000,388064.82385200,0
1721532300000,3517.13000000,3517.80000000,3514.00000000,3514.00000000,172.56630000,1721532599999,606719.43390200,905,83.28500000,292812.10700500,0
1721532600000,3514.01000000,3514.80000000,3512.00000000,3512.00000000,280.55890000,1721532899999,985704.47333300,1361,94.77060000,332953.10418000,0
1721532900000,3512.01000000,3514.13000000,3510.23000000,3514.12000000,249.16040000,1721533199999,874894.76106300,1524,115.87310000,406902.83108200,0
1721533200000,3514.13000000,3514.13000000,3512.65000000,3513.75000000,92.74410000,1721533499999,325877.39559200,878,51.06330000,179421.61938600,0
1721533500000,3513.75000000,3514.06000000,3513.01000000,3513.60000000,92.00370000,1721533799999,323264.70436600,755,54.93550000,193020.16282600,0
1721533800000,3513.60000000,3513.93000000,3512.00000000,3513.41000000,134.21370000,1721534099999,471421.70676500,837,77.81460000,273326.79833200,0
1721534100000,3513.41000000,3513.41000000,3510.46000000,3510.47000000,55.26330000,1721534399999,194064.39907600,643,11.90360000,41796.89776100,0
1721534400000,3510.47000000,3510.47000000,3507.73000000,3509.60000000,336.27060000,1721534699999,1179892.46520400,1263,89.51650000,314117.52453200,0
1721534700000,3509.60000000,3512.27000000,3509.59000000,3509.78000000,291.69140000,1721534999999,1024115.11206100,1022,215.55330000,756761.63973900,0
1721535000000,3509.78000000,3510.48000000,3508.99000000,3510.48000000,88.14870000,1721535299999,309385.08243500,653,40.95710000,143745.99219100,0
1721535300000,3510.48000000,3513.17000000,3510.32000000,3513.17000000,152.49460000,1721535599999,535513.18442300,1089,112.04820000,393476.21063100,0
1721535600000,3513.17000000,3513.60000000,3512.22000000,3512.23000000,233.01820000,1721535899999,818613.46867600,945,131.48180000,461894.03578600,0
1721535900000,3512.23000000,3512.23000000,3511.26000000,3511.65000000,133.84530000,1721536199999,470031.41197500,921,55.45290000,194735.96921900,0
1721536200000,3511.65000000,3511.66000000,3508.25000000,3508.90000000,162.00420000,1721536499999,568528.29305300,1568,65.52650000,229947.97175100,0
1721536500000,3508.90000000,3508.90000000,3506.65000000,3506.84000000,251.71540000,1721536799999,882837.02485100,1085,62.14680000,217971.51681400,0
1721536800000,3506.84000000,3510.97000000,3506.84000000,3508.88000000,307.16930000,1721537099999,1077986.34734900,1317,235.46180000,826284.87980600,0
1721537100000,3508.88000000,3509.31000000,3508.38000000,3508.38000000,87.87130000,1721537399999,308331.53016200,603,22.80880000,80032.31641600,0
1721537400000,3508.38000000,3508.39000000,3504.39000000,3504.45000000,621.11500000,1721537699999,2177271.22868800,1459,60.77460000,213013.91199900,0
1721537700000,3504.45000000,3505.60000000,3503.48000000,3504.87000000,189.28110000,1721537999999,663378.91316900,1225,81.36010000,285141.53530600,0
1721538000000,3504.87000000,3505.99000000,3499.58000000,3500.21000000,755.76550000,1721538299999,2646111.57952700,3184,122.56770000,429267.99348300,0
1721538300000,3500.20000000,3500.78000000,3494.00000000,3496.99000000,794.63960000,1721538599999,2779413.41068200,3255,177.54160000,620969.32851400,0
1721538600000,3497.00000000,3501.80000000,3495.58000000,3499.22000000,364.42250000,1721538899999,1275277.05550400,2118,153.99020000,538865.50203200,0
1721538900000,3499.21000000,3504.96000000,3499.21000000,3504.96000000,158.64960000,1721539199999,555759.85620900,1594,109.58970000,383863.44347000,0
1721539200000,3504.95000000,3505.72000000,3504.14000000,3505.64000000,98.38780000,1721539499999,344883.75736700,1038,66.33050000,232509.73763500,0
1721539500000,3505.64000000,3505.64000000,3500.99000000,3501.38000000,305.83420000,1721539799999,1071105.51319200,1569,81.01720000,283684.65757900,0
1721539800000,3501.38000000,3505.24000000,3501.38000000,3504.38000000,457.13190000,1721540099999,1601639.64905200,1507,181.18100000,634761.31536200,0
1721540100000,3504.39000000,3505.24000000,3502.74000000,3503.51000000,94.52910000,1721540399999,331244.71121800,938,49.16270000,172264.57729500,0
1721540400000,3503.51000000,3503.71000000,3501.67000000,3502.88000000,147.18010000,1721540699999,515540.14304100,1229,82.69700000,289671.42806800,0
1721540700000,3502.87000000,3503.98000000,3501.21000000,3501.21000000,167.69980000,1721540999999,587412.63453700,1218,50.65620000,177450.52961200,0
1721541000000,3501.22000000,3502.78000000,3499.43000000,3502.62000000,148.78650000,1721541299999,520929.89291900,1600,54.31990000,190184.21687400,0
1721541300000,3502.61000000,3502.62000000,3500.55000000,3501.00000000,98.66990000,1721541599999,345468.56419500,852,32.84140000,114971.51253800,0
1721541600000,3500.99000000,3503.74000000,3500.99000000,3501.51000000,140.16930000,1721541899999,490905.23570800,1174,50.92280000,178348.27455800,0
1721541900000,3501.50000000,3502.22000000,3497.08000000,3497.09000000,253.18110000,1721542199999,885866.21995000,1770,97.29960000,340462.71463800,0
1721542200000,3497.09000000,3500.18000000,3495.20000000,3500.18000000,290.11640000,1721542499999,1014512.18722400,1412,181.86870000,636016.79395600,0
1721542500000,3500.17000000,3500.17000000,3484.77000000,3488.99000000,3116.46160000,1721542799999,10879170.97191100,7669,807.41100000,2817883.94994500,0
1721542800000,3489.00000000,3493.68000000,3489.00000000,3492.54000000,980.37190000,1721543099999,3422716.46371800,2526,425.84820000,1486460.95256400,0
1721543100000,3492.55000000,3492.55000000,3491.00000000,3492.17000000,175.78870000,1721543399999,613859.42277000,856,67.91330000,237143.74081600,0
1721543400000,3492.17000000,3492.17000000,3483.38000000,3487.28000000,1131.75890000,1721543699999,3947034.05708700,5148,400.77440000,1397612.64036700,0
1721543700000,3487.29000000,3488.91000000,3484.06000000,3487.97000000,462.07450000,1721543999999,1610937.07729300,2732,187.52370000,653774.14061100,0
1721544000000,3487.97000000,3490.34000000,3487.97000000,3490.15000000,187.85480000,1721544299999,655416.74360600,1417,115.33430000,402387.31225100,0
1721544300000,3490.14000000,3490.15000000,3484.00000000,3484.67000000,367.76070000,1721544599999,1282120.05585700,2304,154.30480000,537928.38890300,0
1721544600000,3484.67000000,3487.39000000,3484.21000000,3486.22000000,200.48400000,1721544899999,698810.42969300,1471,110.97450000,386807.66334000,0
1721544900000,3486.22000000,3487.05000000,3484.27000000,3487.04000000,253.96090000,1721545199999,885300.12799000,1137,126.44260000,440793.00373500,0
1721545200000,3487.04000000,3489.78000000,3476.60000000,3488.61000000,3692.07580000,1721545499999,12853628.14194100,7541,613.56780000,2136469.87578600,0
1721545500000,3488.60000000,3490.25000000,3484.07000000,3484.95000000,795.42720000,1721545799999,2773919.38777900,3320,306.32290000,1068116.24842300,0
1721545800000,3484.95000000,3487.33000000,3482.19000000,3485.21000000,230.70950000,1721546099999,803934.33497400,1946,112.28800000,391302.99581900,0
1721546100000,3485.21000000,3489.60000000,3485.20000000,3488.57000000,271.55400000,1721546399999,947110.17374300,2049,168.93720000,589156.86889500,0
1721546400000,3488.56000000,3489.00000000,3483.00000000,3486.62000000,310.52920000,1721546699999,1082470.88130100,2126,154.83600000,539692.10047000,0
1721546700000,3486.62000000,3486.63000000,3484.41000000,3484.75000000,140.71130000,1721546999999,490402.34747900,917,56.69700000,197611.95629100,0
1721547000000,3484.76000000,3486.77000000,3483.17000000,3486.52000000,567.01960000,1721547299999,1976094.57861500,2615,251.60890000,876851.37606200,0
1721547300000,3486.52000000,3486.52000000,3485.00000000,3486.09000000,213.87680000,1721547599999,745485.98947900,1133,71.49980000,249220.35919200,0
1721547600000,3486.10000000,3489.07000000,3486.10000000,3486.49000000,276.83810000,1721547899999,965596.26300000,1577,112.69160000,393024.64949000,0
1721547900000,3486.49000000,3487.79000000,3485.96000000,3486.14000000,262.15190000,1721548199999,913984.82115200,1936,146.19690000,509680.53678000,0
1721548200000,3486.14000000,3489.75000000,3485.16000000,3489.74000000,809.17440000,1721548499999,2821212.45205800,1708,566.07070000,1973531.17109100,0
1721548500000,3489.75000000,3489.75000000,3485.00000000,3485.01000000,830.80520000,1721548799999,2897508.70063600,1782,92.01020000,320721.24545500,0
1721548800000,3485.00000000,3489.46000000,3483.80000000,3489.46000000,345.58180000,1721549099999,1204649.05193800,1590,201.11110000,701032.84566600,0
